COGNOME;NOME;EMAIL;TELEFONO
russo;ramuccio;ramuccio.71@yahoo.com;3473622022;
dallago;vero;vero21@libero.it;3463476191;
blasi;domiziano;domiziano.blasi@alice.it;3454561202;
porcu;favio;-porcu00@libero.it;3455820650;
Riva;elba;elba.Riva@hotmail.com;3457023654;
caporilli;reulo;reulo.caporilli@hotmail.it;3466718318;
grebenea;nice;nice.grebenea@virgilio.it;3495486381;
papaleo;orintia;-papaleo89@hotmail.it;3468468696;
vandenbulcke;ultimino;.vandenbulcke61@gmail.com;3499697805;
giorgio;loreto;loretogiorgio@tim.it;3468005198;
zaccaria;agrippina;agrippina-zaccaria@libero.it;3494233336;
corraretti;firmino;firmino.corraretti@hotmail.it;3476473153;
Fumagalli;viera;viera-20@hotmail.it;3472741165;
pasolini;leonisia;leonisia-pasolini@gmail.com;3476029305;
Ruggiero;catterino;catterino.Ruggiero@tim.it;3496942294;
biondini;bettino;bettino.biondini@tim.it;3462458647;
infante;oleria;infante62@alice.it;3457841176;
quadalti noferini;ricciotto;ricciotto.96@alice.it;3473272782;
steffenoni;fidia;fidiasteffenoni@gmail.com;3457168126;
scotti;dolfino;dolfino-scotti@hotmail.it;348914130;
castaldo;gioachino;gioachino-castaldo@virgilio.it;3485548824;
de matteo;bortola;bortola.de matteo@hotmail.it;3499011592;
cutillo;ruello;ruellocutillo@libero.it;3469167294;
comini;leonardo;leonardo-comini@hotmail.it;3475908942;
colongi;foscolo;foscolo.colongi@hotmail.com;3456142017;
Santoro;donatuccio;donatuccio.30@hotmail.com;3479046896;
bellinzoni;quintilio;quintilio.bellinzoni@hotmail.it;3465280140;
passitto;fortuno;fortuno77@yahoo.com;3492837218;
gnani;giliante;giliante.gnani@alice.it;3472267711;
bonomo;agatino;agatino94@tim.it;3468247502;
massa;felse;felse-massa@virgilio.it;3493914410;
amato;stellario;.amato37@yahoo.com;3494826420;
sorrentino;ostiglio;ostigliosorrentino@gmail.com;3469292636;
Napolitano;marziale;marziale-Napolitano@yahoo.com;3455986989;
zanelli;ultimino;-zanelli82@virgilio.it;3475836658;
ferrarese;annettina;annettina.ferrarese@virgilio.it;3467810146;
sestito;varnero;varnero.sestito@tim.it;345150533;
Amato;franzio;franzio.Amato@hotmail.it;3452139884;
dorascenzi;vieri;.dorascenzi87@yahoo.com;3463766926;
di paolo;ivia;iviadi paolo@gmail.com;3487047908;
Montanari;venerio;venerio-23@hotmail.it;3464708680;
borgat-wohlbang;giovanfilippo;#####;3455453366;
clesceri;robusto;.clesceri05@virgilio.it;3479105335;
fontanella;turido;turido-fontanella@yahoo.com;3478371318;
stefanovich;irnerio;#####;3487547910;
sementilli;mattio;mattio.sementilli@hotmail.it;3459597760;
Benedetti;aden;.Benedetti90@virgilio.it;3454123861;
d'amico;marianna;marianna.d'amico@hotmail.it;3468189860;
filipek;nemesio;nemesio.filipek@tim.it;3455521415;
rosati;turidda;turidda.rosati@gmail.com;3457879577;
carullo;morosina;morosina-24@virgilio.it;3486986845;
steffenoni;giancarla;giancarla.steffenoni@yahoo.com;3451658768;
wicher;lucrezia;#####;3485643777;
la sorda;isido;isido.34@libero.it;3468568866;
castagna;eola;eola-72@virgilio.it;349244588;
burla;vieri;vieriburla@alice.it;3452172414;
Piazza;rino;rino-20@yahoo.com;3497873068;
soro;meschino;-soro47@alice.it;3485789545;
Pastore;redento;redentoPastore@hotmail.it;3475990972;
Marino;pinetta;-Marino45@alice.it;3475669696;
Coppola;mieke t.h.;mieke t.h..Coppola@hotmail.it;347223367;
Riva;pasino;.Riva24@alice.it;3483404975;
zurzolo;gentilia;gentiliazurzolo@hotmail.com;3488399820;
von oppen;arriga;#####;3491680389;
rosata;morosina;rosata21@tim.it;3477172942;
avello;leone;.avello91@alice.it;3454330027;
eichenberger;bonifazio;bonifazio-15@hotmail.it;3471264332;
iachini;nea;-iachini51@yahoo.com;3455326233;
burla;mirano;mirano-burla@yahoo.com;3492927018;
assal;dato;datoassal@virgilio.it;3491821700;
harasymiuk;eleano;#####;3496756020;
cannizzaro;esmeralda;#####;3492868920;
d'ambrosio;reginaldo;.d'ambrosio43@gmail.com;3476514927;
Costantini;nemo;nemo.Costantini@hotmail.com;3451476285;
spalletta;reneo;spalletta08@tim.it;3477159990;
zanella;ortesio;ortesio-zanella@hotmail.com;3462949049;
giura;richelmo;giura40@gmail.com;347441579;
bennada epse herichi;fausto;fausto.51@tim.it;3483512770;
gentilini;jole;jole28@yahoo.com;3497257572;
ducci;ezelinda;ducci73@tim.it;3461333643;
ciampaglia;india;india.ciampaglia@alice.it;3463318458;
nizzi;erica luisa;erica luisanizzi@hotmail.com;3453967191;
spoletini;eleana;eleana.spoletini@gmail.com;3467058149;
cavaterra;averio;averio.cavaterra@libero.it;3455465077;
guzman soriano;eraclita;.guzman soriano55@alice.it;3461860329;
fabiani;damasca;damasca.fabiani@alice.it;3477884266;
De Santis;mercuria;mercuriaDe Santis@virgilio.it;3468984070;
capitani;noredino;.capitani21@libero.it;3469990447;
rainesi;dioscoride;dioscoride.rainesi@alice.it;3455458971;
iuliano;consolina;consolina.iuliano@libero.it;3491323625;
giuliani;oriede;oriede-giuliani@alice.it;3492941270;
bencivenga;olianna;olianna-bencivenga@gmail.com;3464009257;
ortu;faustina;-ortu04@virgilio.it;3452612398;
santucci;uberto;ubertosantucci@tim.it;3451218293;
Neri;floredano;floredanoNeri@tim.it;3462904174;
ghazi;jano;.ghazi37@alice.it;3471016126;
valvano;doviglia;doviglia-valvano@alice.it;3486785278;
romagnoli;raimondo maria;raimondo maria.romagnoli@libero.it;3474260262;
caniglia;carlina;carlina.caniglia@gmail.com;347380635;
laurenti;oldino;oldino.laurenti@hotmail.it;3494087665;
coccia;mattio;coccia71@virgilio.it;3454216045;
Barone;omes;o-barone@virgilio.it;3483048820;
coluccia;carino;ca-coluccia@hotmail.it;3460806837;
Giuliani;oferto;oferto81@gmail.com;3463656331;
stazzone;germinale;stazzone86@alice.it;3468683187;
armaroli;frazino;fra-armaroli@libero.it;3450347378;
fassbender;ottanzia;ofassbender@libero.it;3472440531;
pozzi;mariagiovanna;abcdefghijklm@libero.it;3464344658;
ruggieri;giosu√ã;g-ruggieri@gmail.com;3468108400;
fassbender;clita;fassbender-c@gmail.com;3491673512;
brunetti;miroslava;brunetti15@tim.it;3452624815;
cecchetti;livia;liviacecchetti@hotmail.com;3455011741;
Piras;ogarita;oga-piras@alice.it;3483634433;
buccolieri;brasile;brabuccolieri@virgilio.it;3494426540;
Bruni;filelfo;bruni.fi@alice.it;3460052158;
zeolla;misiano;zeolla.misiano@hotmail.it;3456653186;
de filippis;elvenzia;e.defilippis@tim.it;3495148806;
bianchi;emina;emina.bianchi@gmail.com;3468764807;
Caputo;pinetto;caputo@yahoo.com;3462476476;
angiuli;riccio;angiuli75@hotmail.it;3482133120;
panichi;riccardo;panichi50@gmail.com;3470587548;
Greco;alvisia;abcdef@hotmail.com;3498641820;
soldati;poldo;psoldati@hotmail.com;3450553235;
Barone;rosellina;ro-barone@gmail.com;3462576527;
di mario;omara;omara78@tim.it;3463638031;
monsorno;radames;radames-monsorno@hotmail.com;3495004571;
pello';fabiolina;pello06@alice.it;3491445142;
pascucci;michela anna;pascucci89@hotmail.it;3486287845;
fasano;giosuele;giosuelefasano@hotmail.it;3493887031;
zolea;fruttuosa;zolea.fru@hotmail.it;3476154684;
patruno;crisante;patruno@alice.it;3494532538;
sarpieri;defendi;defendisarpieri@yahoo.com;3462160018;
fasano;varniero;fasano-v@libero.it;3474528712;
jebrane;euro;euro.jebrane@hotmail.com;3484130567;
martino;reiner;martino55@alice.it;3493264410;
strazzanti;novenia;nostrazzanti@gmail.com;3493550873;
zolnowski;gardenio;zolnowski37@yahoo.com;3453161688;
clementucci;ambretta;clementucci31@libero.it;3474822047;
di santo;ortes;ortes.disanto@yahoo.com;3465718327;
verastegui pereyra;morella;mo-verasteguipereyra@alice.it;3492473840;
marano;baldino;baldino-marano@libero.it;3455663460;
Carbone;noberto;n-carbone@alice.it;3480013366;
gromala;adria;abcdefghijklmnopqr@tim.it;3470352131;
salvemini;goffreda;goffreda20@yahoo.com;3482321336;
Guidi;rinalda;rinalda90@hotmail.it;3478222613;
vannozzi;baldovina;bavannozzi@hotmail.com;3495413313;
conte;davidino;conte-davidino@hotmail.com;3460146545;
sanna;bortolomea;bo-sanna@libero.it;3465665610;
scardone;ilvio;ilvio.scardone@yahoo.com;3474131338;
gagliardi;regildo;r-gagliardi@gmail.com;3473442601;
zolea;gennaia;gennaiazolea@alice.it;3470778437;
toso;madina;ma-toso@hotmail.com;3477183882;
campana;ernano;ernano.campana@yahoo.com;3473133088;
fazi;settembrino;settembrino68@hotmail.it;3452346456;
Marchetti;lionetta;lionetta-marchetti@yahoo.com;3478465256;
piacentini;paterniano;p-piacentini@alice.it;3473555667;
assal;alderigo;alde.assal@alice.it;3495227042;
jaschke ;alamiro;jaschke-a@alice.it;3463507860;
planta;rosalio;planta@yahoo.com;3477758535;
el kaaba  armit;ulissa;uelkaabaarmit@yahoo.com;3462160688;
Pastore;ianna;iapastore@libero.it;3492631118;
borrelli;eco;eco02@virgilio.it;3495753265;
michilli;manio;manio42@libero.it;3484412772;
settembrini;rovero;settembrini80@hotmail.com;3480645774;
arlati;fragola;arlati00@virgilio.it;3453550283;
apa;florina;florina.apa@alice.it;3456748523;
piga;giampiera;giampiera14@alice.it;3458708663;
assal;cleonice;assal.cleonice@hotmail.it;3474554225;
grebenea;gesualdo;grebenea14@hotmail.com;3464308166;
baragliu;amaranta;ama.baragliu@gmail.com;3458257186;
moukrim;erido;erido01@hotmail.it;3493260280;
bagnaia;fann√?;fa.bagnaia@tim.it;3464775834;
Valente;bonifacio;bonifacio87@libero.it;3453541864;
cerchierini;libertario;cerchierini.libertario@libero.it;3457262015;
speziale;attiliana;attilianaspeziale@alice.it;3466165134;
iacobelli;silvino;silvinoiacobelli@gmail.com;3498170145;
benhadda;oloferne;oloferne87@virgilio.it;3493322714;
pascucci;licinio;l.pascucci@alice.it;3495054645;
Gentile;ernando;e.gentile@libero.it;3484466570;
lattanzi;sirte;sirte.lattanzi@tim.it;3472867827;
manchia;nunziante;manchia80@gmail.com;3464118861;
capanna;nunzio;nunzio72@hotmail.com;3498474612;
coluccia;annalia;coluccia00@hotmail.it;3485263572;
ercolani;adelchi;ade.ercolani@tim.it;3480360416;
zeolla;gianfranca;gianfranca00@yahoo.com;3468020851;
moukrim;archimede;moukrim-archimede@hotmail.it;3480326775;
caniglia ;migliorina;mi.caniglia@tim.it;3471408060;
von oppen;perlina;perlina@gmail.com;3497177421;
vandenbulcke;genunzio;abcdefghijklmno@gmail.com;3452538818;
borrelli;messinella;m.borrelli@tim.it;3464274308;
Giuliani;oderio;oderio65@libero.it;3472545251;
ciervo;orvedo;orvedo77@gmail.com;3450724480;
baldinotti;terziana;b4ld1n0tt1t3rz14n4@libero.it;3470366440;
callegarini;nevis;nevis.callegarini@hotmail.it;3454651661;
ianne;gerardina;gerardina-ianne@tim.it;3497778013;
chaibi;telma;telma13@libero.it;3450541053;
d'agapito;derna;dagapito-derna@libero.it;3466522582;
Ricci;comasia;comasia.ricci@alice.it;3498531030;
paradisi;pasquetta;pasquetta@gmail.com;3497634678;
tazzari;orsolinda;orsolinda.tazzari@gmail.com;3464243788;
