NOME;COGNOME;NUMERO;E-MAIL;
cleme;Mazza;3457755632;cleme.Mazza@alice.it;
belisario;acunzo;3468267299;belisario.acunzo@gmail.com;
aldegonda;tambini;3462159256;aldegonda.tambini@hotmail.com;
bindo;huaman lopez;3490214834;bindo52@hotmail.it;
valpurga;capitani;3482792919;valpurga.capitani@hotmail.com;
alfiera;Romeo;3484338655;Romeo73@alice.it;
adelfo;pelo;3498508392;adelfo64@libero.it;
fenella;ercolani;3471733657;fenella.ercolani@alice.it;
olimpia;bugli;3451621472;olimpia.bugli@tim.it;
anrico;bonventre;3475789574;anrico.bonventre@libero.it;
giziano;comini;3495357658;giziano.comini@gmail.com;
ostelia;guidi;3462178518;ostelia14@virgilio.it;
odelta;corrias;3479216376;odelta15@alice.it;
anastasia;zinnamosca;3453615612;anastasia.zinnamosca@tim.it;
ostillo;Monaco;3493759101;ostillo.Monaco@virgilio.it;
incoronata;boschi;3498733213;boschi98@libero.it;
teodolindo;charaf;3469106014;charaf38@yahoo.com;
marisella;saccone;3461630625;saccone@libero.it;
eraclita;cecere;3470780162;lwvlhkzuibxt@hotmail.com;
eudemia;aguila;3469384538;eudemia.aguila@hotmail.it;
giuffrida;piani;3455741128;giuffrida.piani@gmail.com;
santillo;el kaaba  armit;3481988722;santillo.el kaaba  armit@tim.it;
fidelio;cannizzaro;3453948831;fidelio63@hotmail.com;
francolina;Castelli;3456036815;gkyhjfkyrpe@hotmail.it;
remo;casadei;3467762114;remo44@hotmail.com;
erlinda;boncompagni;3450758578;erlinda.boncompagni@hotmail.it;
giangiorgia;dorascenzi;3472236710;giangiorgia.dorascenzi@alice.it;
olena;cutillo;3485071058;cutillo78@yahoo.com;
clarice;lunerti;3468364834;clarice45@tim.it;
odero;carina;3454728419;carina50@virgilio.it;
manuele;seri;3467592098;manuele82@gmail.com;
ezelindo;Antonelli;3477650910;ezelindo.Antonelli@virgilio.it;
veneta;palazzari;3485611004;veneta.palazzari@libero.it;
morfeo;caligiuri;3494697540;morfeo.caligiuri@hotmail.it;
elvano;Ferrara;3483828716;Ferrara12@alice.it;
rizziere;piani;3496007077;rizziere.piani@virgilio.it;
didaco;bragioto;3457021114;ojnjnyfjfk@tim.it;
florestana;fontolan;3467818521;florestana.fontolan@gmail.com;
ademaro;colli;3495797521;ademaro68@yahoo.com;
oceana;pierucci;3474149339;oceana99@tim.it;
venturo;abbondanza;3499123286;venturo.abbondanza@virgilio.it;
idillio;bencivenga;3494347452;boyqcuohjkpk@yahoo.com;
wolfrano;attendoli;3483184646;attendoli50@tim.it;
procopio;trombino;3484506538;procopio.trombino@yahoo.com;
brunilde;fontolan;3470581560;brunilde.fontolan@tim.it;
rosmino;Russo;3465442504;rosmino.Russo@hotmail.it;
guerrando;paolini;3496181704;guerrando39@alice.it;
pietra;montuori;3480415080;montuori02@tim.it;
olferina;colli;3458366401;syervdlireteq@hotmail.it;
franchino;baronti;3474570055;franchino.baronti@virgilio.it;
mariagiovanna;carucci;3459428454;mariagiovanna.carucci@virgilio.it;
vincenzella;resende azevedo;3476237299;vincenzella.resende azevedo@tim.it;
bernardo;mercantini;3486844998;bernardo.mercantini@alice.it;
eduina;piro;3490901689;eduina@yahoo.com;
fidenzio;ossati;3470723100;fidenzio.ossati@virgilio.it;
aldeandra;Marini;3459798695;aldeandra.Marini@hotmail.com;
raineri;lena;3469951514;lena29@virgilio.it;
emiddia;Bianchi;3456275963;emiddia.Bianchi@gmail.com;
amarilli;Esposito;3451714316;amarilli.Esposito@alice.it;
domenichino;monsone ;3458822303;domenichino.monsone @tim.it;
genunzia;Guidi;3471741944;genunzia.Guidi@gmail.com;
alvisa;filagna;3454959022;alvisa16@alice.it;
riscatto;mascali zeo;3496118905;riscatto13@hotmail.it;
fanina;castaldo;3465637366;fanina43@alice.it;
fasma;sbreni;3455830099;fasma.sbreni@virgilio.it;
nilvana;vassura;3455323603;nilvana.vassura@gmail.com;
riego;colongi;3482263978;riego.colongi@alice.it;
buonfiglio;emumwen;3460350630;buonfiglio.emumwen@libero.it;
janna;di marco;3492934004;janna.di marco@yahoo.com;
fiorenza;taifi;3484659106;fiorenza.taifi@hotmail.it;
algeri;Lombardi;3485294608;algeri.Lombardi@gmail.com;
florianna;veneziani;3489831064;veneziani45@tim.it;
ventura;barsanti;3466007881;barsanti29@yahoo.com;
evo;cauteruccio;3475025336;evo.cauteruccio@yahoo.com;
christopher;Moretti;3498364784;christopher.Moretti@libero.it;
giomaria;carina;3467247964;giomaria.carina@hotmail.it;
olerio;russo;3460406176;olerio.russo@virgilio.it;
adelisa;piccoli;3466463322;adelisa.piccoli@gmail.com;
amorino;pozzi;3467274054;amorino100@libero.it;
anca;tarozzi;3498248903;anca.tarozzi@virgilio.it;
terziglio;fiuzzi;3487368709;terziglio66@tim.it;
ermino;Martino;3490441149;ermino.Martino@yahoo.com;
feranda;fontanella;3465998472;feranda.fontanella@yahoo.com;
jolando;martino;3499478614;jolando.martino@tim.it;
qualtiero;d'ottavio ;3458857735;qualtiero.d'ottavio @tim.it;
ersiglia;morsiani;3473362317;ersiglia.morsiani@virgilio.it;
ivonne;celotti;3493620049;celotti07@yahoo.com;
redino;costa;3465402525;xraydglzaw@tim.it;
vilelmo;colle;3471970334;vilelmo.colle@hotmail.it;
offelio;Fontana;3458014403;offelio.Fontana@tim.it;
nuccia;Sala;3456261917;Sala44@libero.it;
teresa vita;nini;3453511026;teresa vita.nini@alice.it;
airaldo;bellaneve;3497653107;airaldo.bellaneve@gmail.com;
maurilio;Marra;3467456645;maurilio37@alice.it;
ovelia;costantini;3488724131;ovelia.costantini@virgilio.it;
doviglio;borkowska;3482127494;doviglio.borkowska@alice.it;
violo;covato;3494250010;violo.covato@alice.it;
censino;fontanilla;3455106970;censino.fontanilla@tim.it;
porsia;crognale;3476916533;porsia.crognale@hotmail.com;
gianfrancesco;mattioni;3462381390;gianfrancesco.mattioni@yahoo.com;
ferruccio;haryadi;3456424032;ferruccio53@tim.it;
menna;lattanzi;3467697463;menna.lattanzi@hotmail.com;
olanzo;lecca;3487401602;olanzo.lecca@gmail.com;
orolando;carina;3475378079;iiifnfcbf@hotmail.it;
martinella;Albanese;3479734410;martinella@alice.it;
mita;ferrarese;3480283870;mita.ferrarese@hotmail.com;
zelmo;minelli;3496321502;zelmo.minelli@gmail.com;
azzurrino;Martini;3450857922;azzurrino.Martini@alice.it;
giosafatte;Sala;3464968979;giosafatte08@hotmail.com;
wladimira;ahmed el ghandor;3463554674;lcfswwza@alice.it;
fenicio;galli;3470293967;fenicio32@hotmail.it;
zannetto;cichon;3472922075;zannetto.cichon@yahoo.com;
onelde;paradisi;3478584643;onelde.paradisi@libero.it;
aldimaro;colombo ;3483875817;colombo 62@yahoo.com;
reamo;lucchesini;3489207407;reamo49@hotmail.com;
floreanna;fratini;3494466738;floreanna@virgilio.it;
scolastico;karim;3489248704;scolastico13@alice.it;
fioro;pacini;3466171948;fioro.pacini@alice.it;
zannetto;casadei;3479075226;zannetto.casadei@yahoo.com;
folgora;minuz;3454270103;folgora16@virgilio.it;
maggina;lanconelli;3479223941;kymwbjjm@yahoo.com;
iriano;baronti;3460888564;iriano.baronti@gmail.com;
galeno;hajji;3467326065;galeno.hajji@gmail.com;
adema;tarozzi;3459025259;tarozzi59@yahoo.com;
oriode;cerchierini;3485855447;cerchierini45@yahoo.com;
smeralda;Marchetti;3493816799;smeralda.Marchetti@yahoo.com;
gallo;marchesini;3498782814;gallo.marchesini@gmail.com;
feba;cusin;3483759262;feba@libero.it;
titino;manzi;3473254686;titino.manzi@yahoo.com;
jafet;Sartori;3483632675;jafet41@virgilio.it;
melchiora;malagigi;3457145183;melchiora.malagigi@gmail.com;
domizia;nuti;3469272222;domizia.nuti@gmail.com;
fiandra;orlandi;3484078051;orlandi74@gmail.com;
angiolamaria;tarani;3481970969;angiolamaria76@virgilio.it;
reni;Marchetti;3496936558;Marchetti32@hotmail.com;
littoriano;d'amore;3455046596;littoriano.d'amore@libero.it;
gioiele;coulier;3498147445;rdriyqixh@alice.it;
marto;castagnoli;3467873542;marto73@gmail.com;
ostlia;Giordano;3450792589;ostlia73@gmail.com;
idalba;toader;3490995489;idalba.toader@alice.it;
orenzo;Perrone;3495742410;orenzo.Perrone@hotmail.com;
giselda;simonetti;3475984928;giselda06@virgilio.it;
odosca;napoli;3464614717;odosca@tim.it;
nillo;Arena;3482002191;nillo.Arena@hotmail.it;
biasino;Ruggiero;3495800842;biasino.Ruggiero@hotmail.com;
altabella;bushulli;3483202678;altabella.bushulli@tim.it;
erpidio;di paolo;3478216284;erpidio.di paolo@tim.it;
ruffillo;de cataldo;3468763116;ruffillo66@yahoo.com;
gliceria;Santoro;3450170595;gliceria.Santoro@hotmail.com;
protaso;sassetti;3496521899;protaso58@libero.it;
claretta;Martino;3451595081;claretta77@libero.it;
tello;gindre;3466362031;tello.gindre@virgilio.it;
ligio;Colombo;3480157375;ligio.Colombo@hotmail.com;
cola;iachini;3453241646;cola.iachini@yahoo.com;
ignazio;di ruzza;3495083990;ignazio.di ruzza@alice.it;
consolata;lucarini;3484620517;consolata.lucarini@alice.it;
pompea;pasquini;3453358629;pompea.pasquini@hotmail.it;
assunta;errichetti;3483024556;assunta39@alice.it;
furimma;Martini;3466204082;Martini47@libero.it;
riziera;Leone;3466762987;riziera.Leone@hotmail.com;
germinal;riboloni;3474514455;germinal.riboloni@hotmail.it;
esuperio;karim;3458769848;esuperio.karim@yahoo.com;
chino;aguila;3459466260;chino67@virgilio.it;
arsilia;ferrarese;3453780523;arsilia91@hotmail.it;
marida;cerchierini;3466782588;marida.cerchierini@yahoo.com;
piergiovanni;pereira de castro;3453101863;piergiovanni@virgilio.it;
fannita;sorrentino;3473832917;fannita.sorrentino@hotmail.it;
zina;stefanovich;3466667140;zina.stefanovich@hotmail.it;
catarina;ortu;3457254977;catarina.ortu@hotmail.com;
baldassarre;Zanetti;3480056685;baldassarre.Zanetti@hotmail.it;
lino;settembrini;3481855961;lino.settembrini@gmail.com;
dalmazia;pinna;3486302173;dalmazia.pinna@alice.it;
alisia;sala;3454830584;alisia.sala@hotmail.com;
salvatrice;Rossi;3483101501;salvatrice88@hotmail.com;
oristella;luzietti;3489950737;oristella12@hotmail.com;
giacomino;simonetti;3452760404;giacomino56@hotmail.it;
adige;severi;3472219953;wfwuvzum@hotmail.it;
alberta;caniglia ;3480915382;caniglia 26@libero.it;
iafet;sassetti;3487265803;iafet.sassetti@hotmail.com;
cassiana;luzietti;3489770219;cassiana.luzietti@libero.it;
angelo;emumwen;3453462375;mdswoueelgz@libero.it;
quieta;niane;3496260467;niane@tim.it;
onoratina;iacoangeli;3497957367;onoratina.iacoangeli@tim.it;
loreto;Pepe;3483884623;loreto.Pepe@hotmail.com;
eupreprio;Serra;3457814883;Serra92@yahoo.com;
isetta;lucchi;3474403695;lucchi82@hotmail.com;
avventino;renzulli;3452759993;avventino.renzulli@yahoo.com;
prescillo;filipek;3487857035;prescillo.filipek@libero.it;
tiziana;baronti;3473458369;baronti80@gmail.com;
odelia;quartarone;3485802916;odelia.quartarone@hotmail.com;
oscarina;callegarini;3485469870;callegarini32@hotmail.it;
fiorlinda;dorascenzi;3459057883;fiorlinda.dorascenzi@gmail.com;
tatiana;Marchetti;3461746817;tatiana.Marchetti@yahoo.com;
pasquarosa;pelo;3458121349;pasquarosa14@virgilio.it;
dimitrina yonkova;comini;3495392284;dimitrina yonkova.comini@libero.it;
illuminato;pereira de castro;3490909353;illuminato.pereira de castro@libero.it;
melino;Morelli;3462134750;melino.Morelli@gmail.com;
remilia;finiti;3487779313;finiti82@gmail.com;
dianello;pisacane;3473799946;dianello.pisacane@tim.it;
ermolao;Martini;3453703497;ermolao.Martini@hotmail.com;
marika;pasquini;3452419691;marika.pasquini@hotmail.it;
crisostomo;esposito;3481041137;crisostomo38@tim.it;
ervenio;piro;3475569893;ervenio.piro@alice.it;
amilcara;cospito;3490049389;amilcara84@virgilio.it;
sisino;bartolucci;3477849542;sisino31@tim.it;
neero;Carbone;3460441450;neero46@tim.it;
pasqualina;maroncelli;3459328105;pasqualina.maroncelli@virgilio.it;
fiandra;Palumbo;3481055992;fiandra@hotmail.it;
ruggiero;el hallaf;3471760963;ruggiero.el hallaf@yahoo.com;
navarro;giorgetti;3460421086;navarro.giorgetti@hotmail.it;
turiddu;benhadda;3492960820;turiddu.benhadda@hotmail.com;
crescentino;graffiedi;3456879558;crescentino.graffiedi@alice.it;
onelio;morsiani;3473502800;ixfjlqsuqhx@alice.it;
idelmino;haji;3479456716;idelmino.haji@alice.it;
ida;pinna;3491219206;ida29@tim.it;
quintillo;prelati;3494256291;quintillo98@gmail.com;
idalmino;contiu;3475110921;contiu82@tim.it;
fulgenzina;marchi;3494529925;fulgenzina55@hotmail.it;
noradino;fadda;3489989115;noradino.fadda@hotmail.com;
rosindo;totaro ;3478784092;rosindo.totaro @gmail.com;
finimunda;milenov;3497152653;finimunda.milenov@tim.it;
denis;ianne;3480077994;denis.ianne@virgilio.it;
concepita;capelli;3466116833;concepita48@libero.it;
fauno;Rizzo;3450343352;fauno60@yahoo.com;
quirino;iacobelli;3474040815;quirino87@gmail.com;
maresa;croce;3499903895;maresa.croce@hotmail.com;
epaminonda;rudel;3480848662;fuymowdxovi@hotmail.it;
fabriana;conflitti;3463892227;fabriana.conflitti@virgilio.it;
veronico;Bruno;3454764680;veronico.Bruno@virgilio.it;
forte;quartarone;3463000766;quartarone84@yahoo.com;
florenza;cecere;3452289478;florenza100@hotmail.com;
wolfrano;capelli;3482025897;wolfrano.capelli@libero.it;
filadelfa;balloni;3453672851;filadelfa.balloni@yahoo.com;
clia;biondini;3484740444;clia.biondini@alice.it;
evangelista;magalotti;3493805035;evangelista90@libero.it;
oriade;capone ;3483134402;oriade.capone @hotmail.com;
carmelito;mercantini;3485549635;carmelito57@yahoo.com;
germinale;baldinotti;3495549517;baldinotti90@gmail.com;
fioralice;massa;3489545299;massa89@hotmail.it;
otina;conte;3455489580;otina66@hotmail.com;
abdelkrim;mahu;3460943783;abdelkrim66@hotmail.com;
floriana;labella;3492702954;labella@alice.it;
alipia;la bella;3471808955;la bella10@hotmail.it;
castore;mena;3455827237;beuanoyhcts@tim.it;
una;Lorusso;3462034851;una.Lorusso@hotmail.it;
wanna;sposato;3466253520;wanna@tim.it;
chirico;dallago;3452216708;chirico.dallago@virgilio.it;
turillo;carina;3454421009;turillo41@alice.it;
gesumino;fralassi;3492424703;gesumino.fralassi@yahoo.com;
elio;ceraldi;3497848866;elio22@alice.it;
norvegio;eichenberger;3456229814;norvegio73@tim.it;
berniero;campana;3456884661;campana22@virgilio.it;
giotto;di mario;3453385681;giotto61@libero.it;
liborio;moiano;3478908992;liborio.moiano@hotmail.it;
shajahan;bassani;3462438791;mejmyoi@tim.it;
fride;linzi;3499391411;fride77@alice.it;
aussenzio;tisba;3482173221;aussenzio85@virgilio.it;
peppino;colli;3497096986;mlkqutumxg@virgilio.it;
teodosio;verastegui pereyra;3477307654;verastegui pereyra22@hotmail.it;
edilberto;Ferrari;3474272454;edilberto.Ferrari@hotmail.it;
rondolfo;Franco;3470269914;rondolfo.Franco@tim.it;
vidio;cerilli;3458628698;cerilli27@tim.it;
clemente;Ceccarelli;3456348712;clemente14@yahoo.com;
matrona;charaf;3462042233;charaf76@libero.it;
ranunzio;gamberini;3469985248;ranunzio.gamberini@yahoo.com;
raulo;d'ambrosio;3464409190;raulo90@yahoo.com;
orlindo;hijjoui;3475274519;orlindo.hijjoui@yahoo.com;
felicella;la sorda;3489080496;la sorda48@alice.it;
anna;spoletini;3453028726;anna52@alice.it;
vergilio;de peppe;3451695532;vergilio07@alice.it;
fenina;galli;3465832225;fenina.galli@yahoo.com;
festina;bazzocchi;3481725580;festina.bazzocchi@libero.it;
leonia;dotti;3450395240;leonia57@tim.it;
pergentina;capone ;3481473976;pergentina.capone @tim.it;
elga;fassbender;3463247670;elga.fassbender@tim.it;
archibaldo;Greco;3450166722;archibaldo.Greco@virgilio.it;
chiarina;alam;3458948471;alam49@hotmail.com;
matildio;Barone;3462406312;matildio.Barone@tim.it;
gerico;martys;3488136159;gerico.martys@libero.it;
salomone;graffiedi;3498494313;ctzhlmfmnms@libero.it;
floridio;fratini;3460197738;floridio.fratini@hotmail.it;
olivetta;armaroli;3453775850;olivetta.armaroli@libero.it;
alipio;chesti;3466120053;alipio.chesti@libero.it;
quirica;tambini;3459440184;quirica.tambini@virgilio.it;
velina;acunzo;3460937350;velina.acunzo@yahoo.com;
eufelia;mauro;3469160222;eufelia60@virgilio.it;
ostilio;Orlando;3481049233;ostilio55@hotmail.it;
faido;teodorani;3477018156;faido.teodorani@tim.it;
olma;gnani;3450848250;olma.gnani@libero.it;
faldino;jagmin;3471309774;faldino.jagmin@hotmail.com;
norina;Ferri;3470280781;Ferri68@hotmail.com;
eridana;popovici;3468746956;eridana.popovici@libero.it;
giorgetto;barsanti;3473093971;giorgetto.barsanti@yahoo.com;
leoluchina;Farina;3466927861;leoluchina.Farina@hotmail.it;
caro;cellini;3459347710;wkyvjzlsj@tim.it;
agatone;bruni;3458844314;dnshwhjb@tim.it;
renunzio;von oppen;3492547564;renunzio.von oppen@virgilio.it;
giusto;Ferrero;3451001657;giusto68@hotmail.com;
leucia;chesti;3462900388;leucia.chesti@hotmail.com;
ermello;bento da silva;3496952315;ermello.bento da silva@tim.it;
imperatore;cusin;3496603415;imperatore.cusin@hotmail.it;
odeida;cerilli;3475640167;odeida50@tim.it;
odoviglio;fabiani;3485600258;odoviglio@virgilio.it;
ortensio;piani;3471025299;ortensio.piani@alice.it;
edia;Greco;3460864950;edia.Greco@gmail.com;
gemma;guidi;3498112391;guidi53@hotmail.com;
raimondino;Mele;3486789423;sqsxfcoagjc@hotmail.it;
iano;giura;3482184195;iano.giura@virgilio.it;
diamantina;coluccia;3459244564;diamantina.coluccia@hotmail.com;
albionte;rocchi;3486503350;rocchi16@hotmail.it;
tinuccio;spalletta;3488318231;tinuccio03@libero.it;
onezio;santana moscato;3481491442;onezio.santana moscato@hotmail.it;
terzillo;bonventre;3452482706;bonventre39@alice.it;
nene;mincuzzi;3467599986;nene@hotmail.it;
vivante;zivkovic;3450520331;zivkovic49@virgilio.it;
erlinda;lacerenza;3486358052;erlinda.lacerenza@alice.it;
zulina;la sorda;3498235281;zulina@gmail.com;
erma;spoletini;3499114091;erma.spoletini@libero.it;
corintio;vincenzi;3489235777;corintio.vincenzi@hotmail.it;
jone;guaman;3458119966;jone.guaman@hotmail.com;
amalfo;d'emilia;3459950108;d'emilia69@yahoo.com;
aldino;vinciguerra;3474632496;aldino34@tim.it;
adona;fratini;3484670860;adona75@hotmail.com;
misiano;ercolani;3496727104;txntxlzzxwzu@hotmail.it;
serafino;barsanti;3480735604;iladoue@yahoo.com;
annarella;Villa;3465009121;annarella.Villa@tim.it;
nandina;Riva;3480429102;Riva56@hotmail.com;
ariele;Marchetti;3493964044;ariele.Marchetti@gmail.com;
mennato;bernardi;3472370883;mennato64@hotmail.it;
orella;Morelli;3478031129;orella.Morelli@hotmail.com;
romelia;trombino;3495955696;romelia.trombino@alice.it;
ponziana;Fabbri;3471852317;ponziana.Fabbri@tim.it;
rodomonte;carucci;3486757679;rodomonte.carucci@gmail.com;
ario;valbonesi;3481010896;ario.valbonesi@gmail.com;
raguele;Meloni;3482073403;raguele.Meloni@gmail.com;
nazzario;antosh;3450430420;nazzario92@gmail.com;
guarino;sebastiani;3480125394;guarino99@libero.it;
falma;scardone;3475225587;falma.scardone@yahoo.com;
over;pereira de castro;3460423062;over.pereira de castro@libero.it;
massenzio;sasvari;3488300966;massenzio.sasvari@alice.it;
lepido;boncompagni;3482550263;boncompagni83@hotmail.com;
eustacchio;conte;3496306930;eustacchio72@tim.it;
lealdo;Catalano;3458621640;lealdo.Catalano@alice.it;
ninuzzo;la bella;3472330116;ninuzzo.la bella@tim.it;
africano;mauro;3469304346;africano.mauro@alice.it;
blandina;Fusco;3457133155;blandina90@virgilio.it;
mansueta;bellaneve;3462762176;mansueta.bellaneve@tim.it;
ramona;taifi;3457689811;ramona32@alice.it;
tito;cecchetti;3484255204;tito.cecchetti@libero.it;
bortolina;pulsoni;3455388213;bortolina.pulsoni@tim.it;
demostene;chiricozzi;3482035921;demostene92@tim.it;
oneria;hajji;3477749182;oneria96@libero.it;
egiziano;comini;3493804561;egiziano.comini@libero.it;
aldemia;corrias;3460232245;aldemia.corrias@hotmail.com;
zenia;bentivegna;3485920046;zenia.bentivegna@virgilio.it;
onesino;valbonesi;3493697857;onesino.valbonesi@hotmail.it;
zarino;pucciotti;3481780333;zarino13@gmail.com;
lussorio;porcu;3472605030;lussorio.porcu@tim.it;
leoparda;De Rosa;3493976381;leoparda.De Rosa@alice.it;
ilide;fiuzzi;3475673262;ilide.fiuzzi@hotmail.com;
fraolina;di santo;3450369858;fraolina20@alice.it;
artemide;Poli;3452617717;Poli45@alice.it;
ferildo;mane';3491730830;ferildo.mane'@libero.it;
moira;costantini;3483707837;moira.costantini@libero.it;
gradisca;Galli;3498943000;Galli90@alice.it;
avelia;bello;3451162453;avelia.bello@gmail.com;
ermete;mane';3462396908;mane'38@alice.it;
edesia;Moretti;3488997201;edesia37@libero.it;
gaudiosa;andronico;3470217831;gaudiosa.andronico@gmail.com;
fenello;Gentile;3472701249;fenello30@hotmail.it;
viva;Valentini;3474481242;viva.Valentini@yahoo.com;
roldano;Di Stefano;3465325787;roldano92@alice.it;
cristiana;bello;3497629211;bello@hotmail.com;
onetto;abbondanza;3476650623;onetto.abbondanza@gmail.com;
melino;brunetti;3459073098;melino26@virgilio.it;
melisenda;stefoni;3479270381;melisenda.stefoni@alice.it;
annalisa;abu;3457914311;annalisa.abu@libero.it;
fiorestilde;errichetti;3499825078;fiorestilde.errichetti@libero.it;
artemio;di marco;3450100348;artemio.di marco@gmail.com;
villelmina;huaman lopez;3493653975;villelmina99@hotmail.com;
oneta;paradisi;3474634750;oneta@libero.it;
adorato;Rizzi;3494150425;Rizzi46@virgilio.it;
carolo;villa;3485434768;carolo25@alice.it;
valenzia;De Rosa;3476404980;valenzia.De Rosa@hotmail.it;
ninetta;popescu;3451182408;ninetta49@yahoo.com;
arminda;mirante;3486417724;arminda.mirante@libero.it;
arturina;Bruno;3485731392;arturina21@libero.it;
olimpiade;de cataldo;3486490752;olimpiade.de cataldo@yahoo.com;
morfeo;ferrarese;3474074520;morfeo.ferrarese@alice.it;
poldina;Perrone;3482129067;poldina.Perrone@hotmail.it;
cristoforo;Grasso;3456008617;cristoforo.Grasso@gmail.com;
sirte;cagnotti;3481370193;sirte54@yahoo.com;
walther;Serra;3455542465;Serra93@tim.it;
nerina;caligari;3470555164;nerina.caligari@yahoo.com;
oberdan;gigante;3451010979;oberdan.gigante@hotmail.com;
valenzo;porcu;3452706577;valenzo.porcu@yahoo.com;
ortenzio;lanconelli;3498275376;lanconelli70@tim.it;
cicito;battelli;3496610894;cicito.battelli@hotmail.it;
ernes;antosh;3467776219;ernes.antosh@tim.it;
mariomaria;milenov;3492500472;wnvdafsp@yahoo.com;
ortelia;Lombardo;3489986227;ortelia.Lombardo@virgilio.it;
alpa;toader;3465082597;alpa@yahoo.com;
morina;Cattaneo;3499752743;morina.Cattaneo@tim.it;
araldo;sebastiani;3487580384;araldo.sebastiani@yahoo.com;
moretto;alam;3489390183;alam36@virgilio.it;
ambrosino;de matteo;3484413161;fpqxpohffbt@alice.it;
didimo;croce;3496813164;didimo.croce@hotmail.com;
vivetta;amato;3465256301;vivetta.amato@hotmail.com;
mamante;de matteo;3456739309;de matteo15@gmail.com;
elliana;carullo;3470941511;elliana02@virgilio.it;
iolando;bernardi;3471854574;iolando.bernardi@hotmail.it;
oriano;montuori;3473597859;oriano.montuori@tim.it;
flavino;rotella;3473795964;flavino20@yahoo.com;
marchino;williams;3453621539;williams@yahoo.com;
leona;la bella;3467625547;la bella97@gmail.com;
carisio;delgadillo vargas;3453678868;carisio.delgadillo vargas@alice.it;
norvegia;gentili;3469549461;norvegia.gentili@alice.it;
adolfo pietro;pucciotti;3495149339;adolfo pietro59@gmail.com;
olandina;Napolitano;3463981482;Napolitano37@tim.it;
mainardo;Poli;3477432946;mainardo13@hotmail.it;
ediliano;sorrentino;3496318779;ediliano.sorrentino@gmail.com;
olivana;Pinna;3451043986;olivana.Pinna@tim.it;
ormido;croce;3478553773;croce69@tim.it;
else;Poli;3495193954;else94@hotmail.it;
adelmo;Farina;3459693771;adelmo59@libero.it;
ombretta;Giorgi;3487248671;ombretta00@libero.it;
irino;piga;3487047072;irino.piga@virgilio.it;
pierangelo;infante;3497064031;pierangelo.infante@alice.it;
edi;corrias;3474946359;edi.corrias@gmail.com;
martino;zavalloni;3454859502;martino.zavalloni@alice.it;
giovanpaolo;d'amore;3453706158;giovanpaolo95@hotmail.it;
vismaro;finiti;3482488479;vismaro.finiti@virgilio.it;
ilia;Garofalo;3486096323;Garofalo88@hotmail.com;
africa;tioni;3477752760;africa26@libero.it;
novembrina;renzoni;3489366630;novembrina.renzoni@alice.it;
settembrina;gentili;3469889956;settembrina.gentili@virgilio.it;
benizio;baldinotti;3481142577;benizio04@hotmail.it;
antonia ivanova;placidi ;3485469676;placidi 63@alice.it;
altobello;metozzi;3455014074;altobello97@hotmail.it;
mentina;antonelli;3456989242;mentina.antonelli@libero.it;
rogero;De Luca;3451364202;rogero63@virgilio.it;
virgilia;de freitas sousa tavares;3487910459;de freitas sousa tavares73@gmail.com;
robertina;bertini;3467428823;rknkjixylomh@alice.it;
mordechai;zuccherelli;3477047805;mordechai.zuccherelli@virgilio.it;
toscano;Costantini;3484513439;toscano68@tim.it;
pandolfo;serban;3479052120;serban59@hotmail.com;
sofronia;rizzelli;3479548151;rizzelli74@libero.it;
terenzia;apreda;3479043658;terenzia29@hotmail.it;
almino;trombino;3469963652;almino.trombino@tim.it;
pierluigi;haji;3494188955;pierluigi.haji@tim.it;
catalina;cozzolino;3462978641;catalina.cozzolino@hotmail.it;
argeo;de sterlich;3469276296;mcextwwq@libero.it;
ponzio;Pozzi;3464436187;ponzio.Pozzi@tim.it;
nena;marchi;3475706081;nena@virgilio.it;
romanina;fralassi;3457285799;romanina48@tim.it;
novarro;giannetti;3465339643;glgsrurd@virgilio.it;
giacinta;carullo;3498408175;giacinta76@virgilio.it;
nieve;wirth;3471425980;nieve27@hotmail.com;
sveva;Messina;3455185550;sveva.Messina@virgilio.it;
consilia;gutjahr;3453796502;consilia.gutjahr@gmail.com;
cornelio;rifilato;3497430253;cornelio.rifilato@gmail.com;
stelio;clementucci;3483483181;stelio72@hotmail.com;
nullo;pierucci ;3492482240;nullo48@virgilio.it;
edgarda;bernacci;3465735613;bernacci39@gmail.com;
vladimiro;Santoro;3488356559;vladimiro98@tim.it;
ofelda;morsiani;3493661425;ofelda.morsiani@tim.it;
sergio daniele;anklin;3484036156;sergio daniele11@alice.it;
fortunata;Franco;3497070695;Franco07@tim.it;
orisia;zanelli;3461627574;orisia.zanelli@libero.it;
rubino;Marchi;3458070953;rubino96@gmail.com;
artenia;de florio;3465859961;de florio73@tim.it;
effisio;lanconelli;3452980673;effisio.lanconelli@virgilio.it;
oronzo;Palumbo;3469074048;Palumbo88@tim.it;
fidalina;gromala;3479708929;fidalina.gromala@hotmail.it;
dolorinda;rudel;3472996639;dolorinda.rudel@alice.it;
gaudenzio;terracciano;3479356098;gaudenzio70@yahoo.com;
natalizia;finiti;3490816821;natalizia93@gmail.com;
valenzio;errahmani;3462190342;valenzio.errahmani@hotmail.it;
rotildo;carrara;3481681624;rotildo.carrara@gmail.com;
miledi;boncompagni;3478378740;miledi62@alice.it;
gordiana;paduano;3463850948;gordiana38@gmail.com;
porfilio;abu;3491416495;porfilio.abu@gmail.com;
clearco;Vitale;3464007224;clearco@libero.it;
ivio;baronti;3477011813;ivio.baronti@hotmail.com;
odorisia;covato;3492757306;odorisia46@tim.it;
splendora;rosato;3464655387;rosato@libero.it;
cosima;zuccherelli;3468499288;cosima.zuccherelli@libero.it;
firenza;pinna;3495321479;firenza.pinna@hotmail.it;
olvidio;antosh;3479317748;olvidio22@gmail.com;
celio;Mazza;3450086761;celio.Mazza@virgilio.it;
tosello;delgadillo vargas;3452038675;tosello.delgadillo vargas@alice.it;
raffaela;bonomo;3494998482;bonomo77@libero.it;
diano;sorbalo;3483921492;diano57@tim.it;
zanello;popovici;3487354034;qddkmacme@gmail.com;
anna maria;Sorrentino;3466433706;ugihlchk@hotmail.it;
baudolino;Giuliani;3455497561;Giuliani57@libero.it;
tilde;lecca;3488493273;tilde.lecca@gmail.com;
giasone;pongetti;3471684727;giasone.pongetti@virgilio.it;
ormanna;policarpo;3473414355;ormanna.policarpo@alice.it;
orello;Valente;3477020464;orello.Valente@gmail.com;
ampelia;guida;3466936231;ampelia.guida@hotmail.it;
aventino;mahu;3488031296;aventino.mahu@alice.it;
liutprando;boncompagni;3456354151;liutprando.boncompagni@virgilio.it;
mondo;emili;3490317203;mondo.emili@gmail.com;
gasperina;bellettini;3471616816;gasperina59@hotmail.com;
andromaca;chesti;3491008808;ortytmb@libero.it;
aulo;guidi;3483736154;fjndusjq@virgilio.it;
ferrando;wilmer;3490905974;ferrando.wilmer@hotmail.com;
dilo;sasvari;3456466006;dilo.sasvari@virgilio.it;
corsina;apreda;3458949838;corsina.apreda@yahoo.com;
anselmino;Pinna;3477234608;anselmino.Pinna@libero.it;
grisostomo;harroud;3484849681;grisostomo.harroud@libero.it;
galdo;mezzogori;3451346648;galdo.mezzogori@yahoo.com;
festilia;freschi ;3470988432;festilia99@hotmail.com;
moranda;romano;3457465138;romano19@libero.it;
beata;serban;3497925990;serban56@gmail.com;
bernardetta;huaman lopez;3457534569;huaman lopez18@tim.it;
benvenuto;resende azevedo;3490647130;benvenuto.resende azevedo@hotmail.com;
venzo;lunerti;3484887865;venzo.lunerti@yahoo.com;
gianbattista;Giorgi;3469654656;gianbattista.Giorgi@yahoo.com;
gian marco;vassura;3499287433;gian marco.vassura@tim.it;
olisse;Gatti;3451993225;olisse.Gatti@yahoo.com;
terzilia;Marchetti;3490751159;terzilia.Marchetti@hotmail.com;
mazzina;hushchyna;3493318745;mazzina.hushchyna@libero.it;
querino;freschi ;3464022246;freschi 17@gmail.com;
fiordaliso;valvano;3494233400;fiordaliso@alice.it;
primiero;piga;3475488521;primiero25@gmail.com;
sperandino;fratini;3493309713;sperandino12@virgilio.it;
righetto;harroud;3474593452;harroud@alice.it;
scintilla;marocchini;3476884082;scintilla.marocchini@hotmail.com;
osvada;mincuzzi;3454262740;osvada.mincuzzi@virgilio.it;
ogliana;de domenico ;3459077179;ogliana.de domenico @libero.it;
gioela;el falaki;3497476667;gioela.el falaki@libero.it;
silia;bentivegna;3472088272;silia45@gmail.com;
frasina;gamberini;3478979663;frasina15@libero.it;
zelmino;borghini;3468335259;zelmino.borghini@hotmail.com;
galilea;fassbender;3486336740;galilea.fassbender@virgilio.it;
madera;Ceccarelli;3496034300;madera.Ceccarelli@libero.it;
neve;wilmer;3462888299;neve05@tim.it;
ottava;cauteruccio;3453855129;ottava79@libero.it;
fidalda;laita;3457012029;fidalda.laita@yahoo.com;
atos;gori;3466884828;atos.gori@virgilio.it;
irlanda;montevecchi;3473724796;qrponxj@alice.it;
barbarino;Rizzo;3465792374;Rizzo22@hotmail.it;
gonaria;callegarini;3492452101;gonaria82@yahoo.com;
ogliana;albanese;3469395715;ogliana.albanese@libero.it;
lisippo;Pellegrini;3457020916;lisippo.Pellegrini@alice.it;
foscara;acunzo;3474393613;jxchiouzxkz@hotmail.com;
lanfranco;barsanti;3489085943;lanfranco59@yahoo.com;
ambrosio;mathlouthi;3478580282;ambrosio24@gmail.com;
romolo;nurul;3474838043;nurul80@alice.it;
ireneo;serban;3460109192;ireneo.serban@gmail.com;
bernadetta;lucani;3482222561;bernadetta@yahoo.com;
gianfrancesca;robbio;3470882100;gianfrancesca.robbio@libero.it;
vittoriano;di lena;3488215325;vittoriano.di lena@libero.it;
irio;bonventre;3483125141;irio.bonventre@gmail.com;
naborre;gutjahr;3486381059;naborre.gutjahr@yahoo.com;
osmana;policarpo;3474551571;policarpo45@libero.it;
anta;mattioni;3450385313;anta.mattioni@tim.it;
isolina;caccamo;3462098128;isolina.caccamo@alice.it;
fridda;manzi;3465547570;manzi75@hotmail.com;
iro;iachini;3478550928;iro.iachini@virgilio.it;
alamiro;di pasquale;3479577470;alamiro.di pasquale@tim.it;
erildo;Sartori;3480229848;erildo.Sartori@alice.it;
giannantonia;monsorno;3459856455;giannantonia.monsorno@gmail.com;
sigifrido;Fusco;3474484764;Fusco52@libero.it;
esperina;tronconi;3488955346;esperina80@alice.it;
esperio;sorbalo;3481029313;esperio.sorbalo@yahoo.com;
catena;romagnoli ;3477365347;catena.romagnoli @yahoo.com;
evelio;Poli;3460223060;evelio.Poli@gmail.com;
acilia;strazzanti;3498056176;acilia.strazzanti@hotmail.com;
rosamunda;luzietti;3475007516;luzietti13@hotmail.it;
palmierino;battelli;3454452049;palmierino63@virgilio.it;
prosperina;Ricciardi;3458826773;prosperina.Ricciardi@virgilio.it;
roseto;spalletta;3497832862;roseto.spalletta@libero.it;
clearco;Fontana;3458351117;clearco30@alice.it;
giuseppina;boncompagni;3491523521;giuseppina.boncompagni@alice.it;
angioletta;Sartori;3462422555;Sartori@yahoo.com;
mirto;rossi;3477093548;bvkjcsuon@hotmail.com;
fabbio;russo;3483624649;fabbio.russo@gmail.com;
carmelindo;fossaroli;3477331068;fossaroli79@yahoo.com;
maceo;rucci;3476671418;rucci11@hotmail.com;
grisostomo;monsone ;3490243346;grisostomo.monsone @hotmail.it;
francina;Lombardi;3480830496;bewqpaesf@libero.it;
monserrato;olivelli;3474272865;monserrato42@gmail.com;
luise;meucci;3489636576;luise.meucci@libero.it;
alipio;di paolo;3473785376;alipio11@gmail.com;
facondo;sanges;3453802191;sanges20@tim.it;
babilo;Rizzo;3485993044;babilo99@hotmail.it;
santolo;harasymiuk;3472565994;santolo22@virgilio.it;
marena;linzi;3467072547;marena.linzi@alice.it;
glenda;santana moscato;3492396783;glenda.santana moscato@hotmail.com;
robustina;iacoangeli;3486577312;robustina.iacoangeli@libero.it;
vittoriano;naci;3459385689;vittoriano.naci@gmail.com;
eraclita;Bianchi;3462759808;eraclita.Bianchi@gmail.com;
ombretta;trasforini;3478214039;fvvxuhbyi@yahoo.com;
ermino;caporilli;3458144691;caporilli24@hotmail.it;
grazietto;di marco;3468158614;di marco32@virgilio.it;
nannina;fiuzzi;3498253729;nannina63@tim.it;
elidia;kamal;3484543028;elidia.kamal@hotmail.com;
taziana;wicher;3490841620;wicher15@tim.it;
mimÃ�;popescu;3452348053;mimÃ�.popescu@alice.it;
oclide;Morelli;3472232974;oclide.Morelli@alice.it;
erode;piersanti;3476337759;erode.piersanti@tim.it;
fiordaligi;lucchesini;3481414146;fiordaligi87@libero.it;
fanciullo;bonomo;3462560667;bonomo63@libero.it;
ausonio;antosh;3462321841;gzydnrqraw@alice.it;
acrisio;corrias;3477681875;acrisio.corrias@libero.it;
brenno;pascucci;3461608761;brenno.pascucci@alice.it;
lindo;fassbender;3474328979;lindo.fassbender@yahoo.com;
giseldo;donatini;3484636703;giseldo.donatini@libero.it;
lucinio;Proietti;3466613208;Proietti82@virgilio.it;
romilio;baiano;3459863832;romilio.baiano@hotmail.com;
aurelio;Volpe;3491256678;aurelio.Volpe@gmail.com;
laurino;zito;3490987330;laurino98@libero.it;
olido;romani bergonzo;3488991603;olido.romani bergonzo@libero.it;
isoletta;rosati;3499536753;aivixu@virgilio.it;
ottorina;avendato;3476571746;ottorina.avendato@gmail.com;
lattanzio;lecca;3457448987;yydetytgxapjt@yahoo.com;
alfreda;bellaneve;3489256879;bellaneve90@gmail.com;
norberta;martellini ;3483489107;norberta04@yahoo.com;
fidenzo;sassetti;3457701674;fidenzo.sassetti@gmail.com;
euplio;deiana;3492654142;euplio83@tim.it;
firmando;luzietti;3495491371;firmando.luzietti@gmail.com;
odelide;bardi;3464930209;odelide.bardi@hotmail.it;
daliso;lucchesini;3476913999;daliso40@hotmail.com;
antonino;lucani;3475227239;lucani72@libero.it;
settimo;bellino;3494064436;qghhxbbft@yahoo.com;
marella;Rossi;3452931021;marella05@yahoo.com;
ermacora;kamal;3474829352;ermacora.kamal@yahoo.com;
divo;ceccaroni;3453236952;ceccaroni79@virgilio.it;
riccardina;zepponi;3471449492;riccardina.zepponi@gmail.com;
menotti;anklin;3463455015;menotti.anklin@gmail.com;
meraldo;spoletini;3454903624;meraldo10@hotmail.com;
zoraide;errahmani;3469148953;zoraide66@tim.it;
saviana;lena;3482994134;saviana.lena@tim.it;
filde;andronico;3474837265;filde.andronico@alice.it;
giorgietta;passitto;3473925236;ehwzlalcjbci@yahoo.com;
artemisio;bento da silva;3454997479;artemisio70@tim.it;
lugano;barruga;3467086877;lugano.barruga@hotmail.it;
gervasia;donnhauser;3455971028;gervasia.donnhauser@virgilio.it;
patrizio;lanconelli;3489760486;patrizio.lanconelli@gmail.com;
alan;liberto ;3460513004;alan.liberto @libero.it;
davidino;donatini;3492114788;davidino10@libero.it;
zeffirino;maldini;3490580118;zeffirino.maldini@alice.it;
gaudenzia;cecere;3487373975;cecere35@yahoo.com;
loretana;Antonelli;3479649881;loretana.Antonelli@tim.it;
esiodo;zinnamosca;3472552517;esiodo63@hotmail.com;
nicco;deiana;3478806144;nicco.deiana@libero.it;
gigliana;Franco;3488731840;gigliana.Franco@hotmail.com;
venezia;Marchetti;3491052510;venezia.Marchetti@hotmail.it;
valperto;angelicchio;3488241660;angelicchio58@yahoo.com;
stalino;ferrari;3466305442;stalino.ferrari@hotmail.com;
utilia;borghini;3453397879;utilia.borghini@tim.it;
daria;pucciotti;3466096444;pucciotti50@libero.it;
loro;stazzone;3452329531;loro.stazzone@hotmail.it;
settima;sorrentino;3479262901;settima.sorrentino@libero.it;
oberdano;alpi;3499174560;oberdano22@libero.it;
luigino sergio;la sorda;3497084414;luigino sergio@libero.it;
marchina;bellettini;3494209553;marchina53@virgilio.it;
castorino;zamberlan;3490969677;castorino54@tim.it;
serenello;pello';3457750776;serenello.pello'@hotmail.com;
alessandra;Marchi;3494787177;alessandra.Marchi@libero.it;
antonia;minnella;3476120709;antonia.minnella@tim.it;
leo;Volpe;3487032779;leo07@libero.it;
fiova;gindre;3478094303;fiova91@tim.it;
filomarino;odigwe;3466243783;odigwe01@tim.it;
annaflavia;rudel;3454367620;annaflavia74@hotmail.it;
arduo;Pozzi;3479227777;arduo.Pozzi@libero.it;
lorenzano;diamantini;3459724257;lorenzano01@yahoo.com;
adorna;zenina;3494068339;zenina@libero.it;
sanzio;passitto;3474762097;sanzio.passitto@hotmail.it;
angelarosa;fossaroli;3489991521;dxnnvpti@alice.it;
felippo;salvemini;3459738557;salvemini02@tim.it;
nado;curcio;3463084826;nado.curcio@hotmail.it;
fiorangiola;adorno;3492537204;fiorangiola54@alice.it;
petra;Bruno;3498207683;petra.Bruno@alice.it;
riodante;Donati;3499593434;riodante30@gmail.com;
florina;antosh;3488696477;antosh70@tim.it;
fortunanta;de filippis;3497608689;fortunanta.de filippis@hotmail.it;
vitantonia;carina;3482491654;vitantonia27@tim.it;
erasma;d'ambrosio;3497342513;erasma.d'ambrosio@libero.it;
olderigi;fontana;3481460021;olderigi89@alice.it;
fausta;ahamed;3477056387;fausta.ahamed@libero.it;
giovandamiano;pello';3456967235;giovandamiano.pello'@libero.it;
endrio;lazar;3458656325;lazar32@virgilio.it;
davide;Moro;3498642775;davide.Moro@tim.it;
gildo;Santini;3493541868;Santini70@virgilio.it;
cesco;d'amico;3491296609;cesco.d'amico@virgilio.it;
florentia;latini;3474937250;latini02@hotmail.it;
giampaolo;angiuli;3483227026;giampaolo46@alice.it;
giacchino;el kaaba  armit;3458010271;giacchino.el kaaba  armit@hotmail.it;
isocrate;Marra;3476605340;isocrate.Marra@tim.it;
osmina;comini;3457573035;osmina09@libero.it;
otella;mane;3468956367;otella.mane@yahoo.com;
imelda;toader;3462234588;imelda46@virgilio.it;
frea;caporilli;3459743973;frea64@libero.it;
reparato;zito;3479210360;reparato.zito@gmail.com;
pace;Rizzi;3498767558;Rizzi33@yahoo.com;
fidarma;alam;3452023804;fidarma.alam@virgilio.it;
antonino;Villa;3499682789;antonino88@alice.it;
geralda;Mancini;3492045584;geralda.Mancini@hotmail.it;
teodomiro;ahamed;3484888214;teodomiro.ahamed@virgilio.it;
tiberio;zivkovic;3497930772;tiberio.zivkovic@yahoo.com;
bibiana;muratori;3475825982;bibiana.muratori@hotmail.it;
benino;Pastore;3460760043;vxprozrlpsek@gmail.com;
ignazio;abu;3471883497;ignazio.abu@alice.it;
shajahan;disabato;3464624978;disabato18@libero.it;
pellegrina;adorno;3450691646;adorno23@gmail.com;
aldighiero;de stefano;3452639748;aldighiero.de stefano@hotmail.it;
rosamaria;potalivo ;3484888868;rosamaria.potalivo @hotmail.com;
orfella;Bruno;3456525980;orfella.Bruno@alice.it;
duilio;fico;3473110191;duilio.fico@virgilio.it;
rinuccia;kosek;3478697624;rinuccia.kosek@hotmail.it;
andreina;mercantini;3481568358;andreina44@virgilio.it;
tosello;pello';3486334771;tosello.pello'@virgilio.it;
guglielma;Parisi;3471104528;guglielma39@yahoo.com;
gelsino;baronti;3472712621;gelsino@tim.it;
aristarco;sementilli;3492031452;aristarco41@hotmail.com;
monia bent hedi;tarani;3451702156;monia bent hedi.tarani@libero.it;
luigi;armaroli;3459804056;rzhnvpvp@hotmail.com;
monia bent hedi;costa;3476438222;monia bent hedi.costa@gmail.com;
neda;maldini;3492577051;auvjauezk@libero.it;
fiorisella;fasano;3477639205;fiorisella21@hotmail.it;
adia;tiglio;3486909783;adia.tiglio@libero.it;
omero;morsiani;3487361749;omero28@hotmail.com;
rosina;Marchi;3464294861;rosina23@libero.it;
mambrina;bartolucci;3460954525;mambrina.bartolucci@alice.it;
odiglia;toader;3475239657;oomadfne@gmail.com;
monia;guida;3474953233;monia.guida@alice.it;
iliano;rocchi;3457730674;iliano.rocchi@libero.it;
nildo;Romano;3479032591;nildo.Romano@virgilio.it;
odarda;galotti;3450190067;odarda72@hotmail.it;
alfiera;Costa;3460625950;alfiera.Costa@tim.it;
dirce;porcu;3460692136;dirce59@alice.it;
giampaolo;Serra;3492637612;giampaolo.Serra@hotmail.com;
otino;Santoro;3490132926;otino.Santoro@alice.it;
romualdo;Villani;3469106879;Villani86@hotmail.it;
elmira;De Luca;3486122440;elmira.De Luca@gmail.com;
iso;ercolani;3470687298;iso07@tim.it;
miranda;lucani;3458036605;efcqngah@libero.it;
rosolia;alam;3487116568;alam21@yahoo.com;
scevola;monsone ;3492833138;scevola.monsone @gmail.com;
feba;Pellegrino;3463676669;feba06@gmail.com;
odinello;donati;3487741918;odinello.donati@gmail.com;
tella;bagnato;3467827246;tella44@hotmail.it;
zeferino;mascali zeo;3495003092;zeferino.mascali zeo@hotmail.it;
rubens;ermeti;3471904306;rubens.ermeti@tim.it;
tranquillino;coccia;3472693472;nfdooupkin@alice.it;
monica;sepe ;3467136661;monica.sepe @yahoo.com;
lorindo;de peppe;3478112478;lorindo.de peppe@hotmail.com;
donatello;rebeccato;3455786021;donatello.rebeccato@hotmail.it;
lauro;donnhauser;3499558047;lauro.donnhauser@virgilio.it;
sallustio;casella;3481426006;sallustio.casella@tim.it;
olvia;sala;3479591387;olvia.sala@yahoo.com;
vivetta;soldati;3470703347;vivetta90@libero.it;
liberia;d'agapito;3468729098;liberia57@hotmail.com;
risoluto;fabiani;3494489606;risoluto.fabiani@alice.it;
germondo;steffenoni;3497731761;germondo.steffenoni@hotmail.it;
fleris;marchesini;3492226636;fleris.marchesini@hotmail.it;
licena;Carbone;3461779932;licena.Carbone@hotmail.it;
arcadio;azzarri;3451081087;vllztheoh@hotmail.it;
mariacristina;di lena;3483098561;mariacristina29@libero.it;
corindo;de matteo;3489843811;corindo.de matteo@yahoo.com;
cabiria;attendoli;3482890520;cabiria04@tim.it;
cinzio;cusin;3472464431;cinzio.cusin@alice.it;
fulgenzo;torraca;3492650290;fulgenzo97@hotmail.com;
eustachio;d'ambrosio;3489794848;eustachio.d'ambrosio@gmail.com;
ede;salvemini;3491262326;ede.salvemini@hotmail.com;
filadora;milenov;3496025825;filadora.milenov@gmail.com;
angelico;vannozzi;3457954698;angelico11@gmail.com;
stellia;antosh;3477930841;stellia.antosh@libero.it;
reginetta;andruccioli;3466327428;reginetta.andruccioli@virgilio.it;
bordino;de filippis;3496992150;bordino.de filippis@hotmail.it;
rachildo;Pinna;3469723783;rachildo.Pinna@hotmail.it;
petronio;siapian;3478487439;petronio.siapian@virgilio.it;
erilda;Piras;3495692888;Piras42@tim.it;
gerolamo;ercolani;3498268162;gerolamo20@alice.it;
francesca;Morelli;3455223455;Morelli32@virgilio.it;
benilde;carrara;3469748300;benilde.carrara@tim.it;
silvio;lazar;3487730794;silvio69@hotmail.it;
leonisia;hajji;3466140886;hajji15@gmail.com;
corinzio;lazazzera;3470093578;corinzio.lazazzera@hotmail.it;
giovannangela;rudel;3467080884;giovannangela63@hotmail.it;
battistino;Marino;3470064641;battistino.Marino@virgilio.it;
totÃš;bragioto;3499740628;totÃš@alice.it;
rosetta;moiano;3450129566;rosetta.moiano@libero.it;
melchiorrina;vassura;3467958575;melchiorrina.vassura@gmail.com;
fiorentina;Moro;3483562209;Moro56@alice.it;
genoveffo;giura;3483269813;genoveffo.giura@gmail.com;
savina;clesceri;3487418485;clesceri63@libero.it;
ledino;bonomo;3482843774;bonomo52@hotmail.it;
fifina;vanni;3453603315;fifina.vanni@virgilio.it;
pieruccio;ranucci;3457424414;pieruccio.ranucci@libero.it;
finicola;balice;3454688639;finicola.balice@gmail.com;
tommassino;gatti;3497510041;qjoagqtgvxs@tim.it;
marsilio;paul;3492765086;marsilio.paul@gmail.com;
perlina;bushulli;3465652853;bushulli66@yahoo.com;
fide;iuliano;3484672925;fide.iuliano@hotmail.it;
elfrido;rucci;3477697414;elfrido.rucci@libero.it;
miretta;blasi ;3492926891;miretta.blasi @libero.it;
ottone;berardi;3463821113;ottone.berardi@libero.it;
censina;guillen crespo;3484104667;censina.guillen crespo@hotmail.com;
genoeffa;gasmi;3476572978;genoeffa98@libero.it;
fannuccia;harroud;3460138163;zbgdpcwaosy@yahoo.com;
vespasiana;fabbrizi;3487727249;vespasiana@gmail.com;
ernes;De Angelis;3457506612;ernes.De Angelis@yahoo.com;
giustino;iacoangeli;3475658547;giustino09@libero.it;
alberigo;cospito;3464329046;alberigo.cospito@yahoo.com;
imeldo;Moretti;3455775232;imeldo.Moretti@hotmail.it;
sigfrido;iacoangeli;3468414833;sigfrido.iacoangeli@tim.it;
lavina;naci;3496142531;lavina09@gmail.com;
emiliano;sassetti;3480680004;emiliano.sassetti@libero.it;
demo;Barone;3494202584;demo.Barone@yahoo.com;
dionisi;Grassi;3469757166;dionisi.Grassi@hotmail.com;
mauriziano;frasca;3455857222;mauriziano.frasca@virgilio.it;
moriano;Testa;3450750731;moriano@libero.it;
maria;magalotti;3456970545;maria.magalotti@tim.it;
isnardo;Farina;3463565701;isnardo.Farina@gmail.com;
filippa;Castelli;3451934319;filippa.Castelli@hotmail.com;
beniamino;Marchi;3465290497;beniamino86@hotmail.it;
vilelma;Amato;3494432328;Amato@tim.it;
nereide;capone ;3483262163;capone 51@virgilio.it;
frenesia;donatini;3479515506;frenesia.donatini@gmail.com;
odorice;potalivo ;3483160044;potalivo 86@tim.it;
gernando;Fontana;3498679250;Fontana96@tim.it;
terziana;zaccaria;3497103934;terziana27@tim.it;
babila;satta;3485902801;babila.satta@alice.it;
speranzino;zapalski;3468851198;speranzino52@libero.it;
clementa;balice;3477173828;clementa.balice@libero.it;
otilia;succi;3452979997;otilia.succi@yahoo.com;
marinello;brunetti;3488151710;marinello.brunetti@alice.it;
anatolia;bonn;3482811851;anatolia.bonn@libero.it;
anto;Grasso;3472396679;Grasso@alice.it;
terzilla;di carlo;3460218453;di carlo88@alice.it;
elisena;tiranno;3467368938;elisena79@hotmail.com;
cusmano;martellini ;3458374578;cusmano.martellini @tim.it;
caterina;Pellegrino;3475529628;caterina42@hotmail.it;
gigi;zecchini;3488323264;gigi.zecchini@gmail.com;
tosolina;cagnotti;3487536234;tosolina.cagnotti@hotmail.com;
jader;vella;3468612952;jader09@hotmail.com;
maggiolino;marano;3498154116;marano18@virgilio.it;
amatuccio;siracusa;3491026956;amatuccio.siracusa@alice.it;
ottino;Aiello;3495817940;ottino24@hotmail.it;
giosofatto;scipioni;3455495248;giosofatto.scipioni@gmail.com;
aristidina;Coppola;3485395375;uouyebisldxmgeo@hotmail.com;
mirjana;williams;3461948046;mirjana.williams@yahoo.com;
dello;Caputo;3452171873;dello.Caputo@gmail.com;
speranzo;giurgola;3458903999;speranzo.giurgola@gmail.com;
lorieta;piro;3466715211;lorieta.piro@hotmail.com;
ita;sorbalo;3497974985;ita.sorbalo@yahoo.com;
evardo;carrara;3476179309;evardo.carrara@libero.it;
alghero;castaldo;3470594797;fkqubsvbcass@hotmail.it;
dolcina;trasforini;3476232019;dolcina.trasforini@tim.it;
fabriele;borkowska;3459231553;fabriele.borkowska@tim.it;
christopher;Valentini;3473993073;christopher.Valentini@virgilio.it;
rinaldo;Monaco;3454046623;rinaldo.Monaco@gmail.com;
ines;vidanalage;3454429676;ines.vidanalage@tim.it;
rachela;Monaco;3463950734;Monaco89@hotmail.com;
valdimiro;Fontana;3487549584;valdimiro.Fontana@tim.it;
filoteo;colle;3452627712;filoteo.colle@hotmail.it;
gigio;Brambilla;3456825185;gigio90@gmail.com;
angiolino;bello;3477192763;angiolino23@hotmail.it;
attico;Lombardo;3452402344;Lombardo84@libero.it;
rosaura;di tuoro ;3454693706;rosaura77@tim.it;
emerenziano;nuti;3451123986;emerenziano.nuti@yahoo.com;
fiora;teodorani;3469900731;fiora10@alice.it;
castolo;adorno;3498856155;castolo.adorno@libero.it;
cristiano;celotti;3497813578;cristiano.celotti@gmail.com;
onorio;buongrazio;3462832768;kxwczvwkcvxj@yahoo.com;
adermo;Antonelli;3470059820;adermo29@gmail.com;
leonarda;muratori;3457522879;leonarda44@gmail.com;
adorata;lesniewska;3459740608;adorata.lesniewska@tim.it;
millo;bento da silva;3493072740;millo.bento da silva@hotmail.com;
cairoli;zenina;3477454848;cairoli.zenina@virgilio.it;
ernella;casadei;3490425306;ernella.casadei@yahoo.com;
gemmina;de domenico ;3470243124;de domenico 44@hotmail.it;
olelia;andruccioli;3476488435;olelia.andruccioli@libero.it;
falma;passitto;3465039599;falma.passitto@gmail.com;
galeana;cannizzaro;3495338318;galeana25@yahoo.com;
obilio;bonsignore;3485527349;obilio.bonsignore@alice.it;
ivana;Fontana;3475986334;ivana.Fontana@hotmail.it;
rivaldo;bonventre;3454724484;rivaldo.bonventre@alice.it;
pietra;fabiani;3452202941;pietra82@gmail.com;
miraldo;parravani;3470057141;miraldo51@virgilio.it;
onella;cataldi;3473557826;cataldi@libero.it;
genina;errahmani;3458265750;genina.errahmani@hotmail.com;
gerbino;Sartori;3496822548;gerbino.Sartori@gmail.com;
giliola;Ferro;3480465967;giliola.Ferro@tim.it;
rubeno;croce;3486482386;rubeno89@libero.it;
novelia;sgrigna;3453310838;novelia.sgrigna@virgilio.it;
orinda;d'emilia;3484979390;orinda.d'emilia@tim.it;
velmino;haji;3480101160;velmino10@virgilio.it;
giuseppino;piro;3479897340;giuseppino.piro@hotmail.com;
alcesto;rebeccato;3465913192;alcesto.rebeccato@hotmail.it;
grisante;ricci;3467235470;grisante.ricci@tim.it;
marozia;ferrarese;3462079724;marozia.ferrarese@virgilio.it;
ermelina;piccoli;3460776048;ermelina.piccoli@alice.it;
realmo;guida;3486153711;realmo@tim.it;
fabio;pal ionut;3499942308;fabio.pal ionut@alice.it;
argo;accadia;3497252763;argo.accadia@libero.it;
melita;croce;3458392286;melita82@virgilio.it;
fedilla;Esposito;3499983481;fedilla.Esposito@libero.it;
gelsomina;bartolucci;3480178886;gelsomina.bartolucci@gmail.com;
nilva;scotti;3462857574;nilva.scotti@alice.it;
consalva;Ruggiero;3476797087;consalva30@virgilio.it;
florestana;d'amora;3485477766;florestana88@hotmail.com;
gabriela;ferrarese;3470212184;ferrarese47@gmail.com;
anacleto;porcu;3473531435;anacleto.porcu@hotmail.com;
licandro;nicastro;3464474717;licandro.nicastro@yahoo.com;
efisino;sasvari;3488870196;efisino.sasvari@hotmail.it;
guidetta;Conte;3455660660;guidetta.Conte@yahoo.com;
lieto;mangano;3469301813;lieto.mangano@yahoo.com;
gradisco;gubinelli;3461529160;gradisco.gubinelli@tim.it;
ricci;usami;3465187183;ricci43@hotmail.com;
reto;lattanzi;3468482672;reto.lattanzi@gmail.com;
gelio;fiordigigli;3482379662;fiordigigli@hotmail.com;
margherito;pompili;3473822276;pompili18@yahoo.com;
dolorosa;stefoni;3462906617;stefoni63@gmail.com;
ildefonso;vanni;3478833403;ildefonso15@hotmail.it;
veneziano;montuori;3466135106;veneziano.montuori@gmail.com;
romenio;odigwe;3474066416;romenio.odigwe@tim.it;
melisenda;cheikh talibouya;3452303943;melisenda.cheikh talibouya@hotmail.com;
driade;Pastore;3483228815;driade65@alice.it;
mariarosa;mincuzzi;3478770960;mariarosa90@hotmail.com;
baldoino;fasano;3467581939;baldoino.fasano@virgilio.it;
saffo;Pellegrino;3483405982;saffo.Pellegrino@yahoo.com;
aduilio;Fiore;3467421850;aduilio93@alice.it;
simona;coluccia;3497879506;wllzgixvrvlwf@virgilio.it;
riccio;pinna;3454096539;riccio.pinna@virgilio.it;
rovereto;donnhauser;3486421337;donnhauser23@tim.it;
eliana;placidi ;3477560657;placidi 97@alice.it;
guerrazzo;Pace;3471140764;guerrazzo.Pace@yahoo.com;
felse;kovacs;3488894326;kovacs22@hotmail.it;
elvisa;lucani;3461011240;elvisa.lucani@gmail.com;
milo;la sorda;3481328490;milo.la sorda@yahoo.com;
conforto;gubinelli;3477979045;conforto.gubinelli@hotmail.it;
finimonda;coulier;3476438920;finimonda.coulier@libero.it;
zilla;zanellati;3461528273;zilla58@alice.it;
denisia;romano;3488052923;romano73@alice.it;
fea;borghini;3453074261;fea.borghini@yahoo.com;
filodemo;coccia;3467155433;filodemo.coccia@yahoo.com;
ofeglia;hossain;3450260139;ofeglia.hossain@alice.it;
asvero;mohammed;3483279870;asvero.mohammed@hotmail.it;
felicio;Piras;3491400749;felicio94@virgilio.it;
mareno;verastegui pereyra;3459212171;mareno.verastegui pereyra@libero.it;
laurenzia;capone ;3471347657;laurenzia.capone @hotmail.com;
mariolino;Castelli;3474618125;mariolino.Castelli@libero.it;
catullo;errichetti;3473369579;catullo.errichetti@alice.it;
polonio;Caputo;3473135615;Caputo54@virgilio.it;
cleanto;albanese;3469379163;albanese92@yahoo.com;
egiziano;corrado;3496150912;egiziano.corrado@virgilio.it;
amadeo;paradisi;3497651874;amadeo.paradisi@yahoo.com;
lillino;bento da silva;3457405329;lillino.bento da silva@virgilio.it;
raffelina;porta;3493005336;raffelina.porta@gmail.com;
gorizia;ducci;3458346284;gorizia40@yahoo.com;
elvana;zaratti;3496589089;elvana39@virgilio.it;
enzina;Gatti;3496437457;enzina@hotmail.it;
cornelia;laurenti;3482374782;laurenti58@yahoo.com;
valentino;cavaterra;3463212882;valentino.cavaterra@hotmail.com;
fedelica;nuti;3455853296;fedelica63@hotmail.com;
argo;seri;3480590761;egzbrxkiuguy@libero.it;
riodante;hajji;3464759539;riodante16@yahoo.com;
gordiano;de sterlich;3485005012;gordiano.de sterlich@hotmail.com;
realmo;Caruso;3484714996;realmo.Caruso@hotmail.it;
ovilia;hushchyna;3461377850;ovilia.hushchyna@gmail.com;
samuele;ahamed;3469509285;samuele66@tim.it;
evalda;Pace;3479993169;Pace85@gmail.com;
rosmaldo;zepponi;3493788866;rosmaldo.zepponi@hotmail.com;
foscolina;ghini;3464772806;foscolina.ghini@alice.it;
silviano;giura;3462840358;silviano.giura@virgilio.it;
omobuono;salvemini;3487130572;salvemini54@gmail.com;
maria grazia;vincenzi;3491842103;maria grazia.vincenzi@hotmail.com;
fiordineve;dotti;3479143980;fiordineve21@virgilio.it;
ionia;de simone;3452991142;beabxvgfl@alice.it;
enea;olivelli;3493568773;olivelli@alice.it;
oridano;bernacci;3475712046;oridano.bernacci@gmail.com;
varina;Bruno;3460710490;varina.Bruno@hotmail.com;
odile;rebeccato;3494652536;rebeccato59@hotmail.it;
nicolangelo;colongi;3458505040;nicolangelo77@libero.it;
fatima;errahmani;3477819395;fatima11@hotmail.com;
artemidio;boes;3465222109;artemidio.boes@gmail.com;
annalaura;Gentile;3499124336;annalaura.Gentile@gmail.com;
felma;clesceri;3483413335;felma31@yahoo.com;
ciriaca;De Santis;3497177773;qkdylww@tim.it;
zelio;Amato;3484154600;Amato28@alice.it;
olfina;Valentini;3496312263;olfina.Valentini@hotmail.com;
guarina;baldari;3486266741;baldari74@tim.it;
edi;caldironi;3497805312;saswcokkq@hotmail.com;
ninuccia;attendoli;3485338418;ninuccia.attendoli@tim.it;
pippa;Marra;3462738410;pippa.Marra@gmail.com;
amos;Ferrante;3455347957;amos75@alice.it;
villelmo;bonomo;3490509015;villelmo66@yahoo.com;
orello;esposito;3493203001;orello.esposito@tim.it;
fadilla;soro;3454616531;fadilla.soro@hotmail.it;
weber;montuori;3468593297;weber.montuori@hotmail.com;
favilla;morsiani;3483196108;favilla43@tim.it;
ellera;blasi;3481503112;ellera.blasi@libero.it;
fasano;parravani;3477761737;fasano.parravani@alice.it;
oemia;focaccia;3479528611;oemia.focaccia@yahoo.com;
