COGNOME;NOME;E-MAIL;TELEFONO
boubaker;danta;;3472652514
nizzi;giberto;ginizzi@libero.it;3497238328
;geri;ginizzi@libero.it;
bazzocchi;eleano;;3497238328
d'amora;flauto;ginizzi@libero.it;
Testa;odinella;odinella59@virgilio.it;+393498703144
di paolo;aliviero;odinella59@virgilio.it;3460071456
brizi;genoveffo;genoveffo00@alice.it;3472652514
sassetti;;t.sassetti@hotmail.com;3457548068
;mosharaf;;3456782303
Rossi;foscola;genoveffo00@alice.it;+393450772235
;athos;;+393453732244
Giorgi;denise;;+393457028715
williams;lucinda;lucinda76@hotmail.it;3482165301
olivelli;donaldo;donaldo12@gmail.com;3488810166
ortu;spartaco;ortu93@gmail.com;+393460054456
sartori;carissimo;carissimo-sartori@yahoo.com;+393492802555
sorrentino;;t.sassetti@hotmail.com;3452372672
;;demetriagiorgi@tim.it;+393480645471
;;nozavoli@virgilio.it;3452878456
;reziere;;3466824813
bassani;;crescenzo@gmail.com;+393457028715
;zarina;crescenzo@gmail.com;+393495886265
;;ve.bartolucci@libero.it;+393498703144
tiranno;;tiranno99@hotmail.com;3486847043
;leonina;crescenzo@gmail.com;+393488737721
esposito;italiano;esposito29@hotmail.it;3486486816
zavalloni;moraldo;demetriagiorgi@tim.it;3464051523
bonomo;gianpaolo;gianpaolo23@alice.it;3486486816
;;;3480186310
Guidi;zaverio;;
;palmiro;gnani32@yahoo.com;+393458004257
Giuliani;nello;carissimo-sartori@yahoo.com;+393473147776
;galeana;baldinotti.galeana@alice.it;3485724285
Carbone;consolato;ortu93@gmail.com;3497238328
crognale;veneto;;3483413033
Albanese;ormanno;tiranno99@hotmail.com;3463773754
zecchini;;;3485352428
Bellini;fiumina;fiumina65@hotmail.com;3485751100
giurgola;umbertino;umbertino17@tim.it;3467300487
policarpo;fervido;fervido18@hotmail.it;3495260536
taifi;;italia37@tim.it;3456782303
wicher;ottimo;;3468771436
zavoli;algiso;;
porta;retto;abcdefg@hotmail.com;+393497726211
Ricciardi;turino;;3481600152
lazar;telmo;ve.bartolucci@libero.it;3471304765
stefanovich;lemmo;tiranno99@hotmail.com;3486410116
coulier;frazia;;3474118233
Santoro;effrem;effresantoro@tim.it;
quadalti noferini;leonisio;quadaltinoferini83@gmail.com;3463188083
;orisia;;
Gallo;;demetriagiorgi@tim.it;3454847238
Santoro;;dazegliosantoro@hotmail.it;3452878456
;eusapia;;3458465646
;onofrio;odinella59@virgilio.it;3453065672
tambini;alboino;italia37@tim.it;
lunerti;oderzo;;
;;ermentinotioni@yahoo.com;3463773754
;rambaldo;;+393493531140
Palumbo;;palumboroviglio@libero.it;3471075067
harasymiuk;medino;;3474300461
Caruso;evita;e.caruso@virgilio.it;3450060177
jebrane;oderio;oderio-jebrane@hotmail.com;3462540782
montevecchi;camilla;;+393498021248
veneziani;maristella;carissimo-sartori@yahoo.com;3453238365
sanna;;igidio48@tim.it;+393475885282
campana;oddino;oddinocampana@libero.it;3466022813
;dolorinda;;+393482262035
;odena;odinella59@virgilio.it;3474118233
Palmieri;lapo;lapo100@gmail.com;+393493531140
;;carletta24@libero.it;+393475824273
paduano;tarsillo;oddinocampana@libero.it;3493488024
siapian;palestina;;+393487486818
coccia;fanola;fanola51@hotmail.it;3471071783
zenina;fedelica;fedelica.zenina@hotmail.it;3452025030
ossati;terza;terza83@virgilio.it;+393482668350
nicastro;duilio;duilio-nicastro@alice.it;3492650382
delgado;fiova;fiova66@hotmail.it;+393464656438
Donati;alimo;a.donati@tim.it;3474754630
giuliani;dalcisio;t.sassetti@hotmail.com;+393497726211
;isaldo;isaldo43@hotmail.it;3493488024
antosh;sostine;oderio-jebrane@hotmail.com;
;liviero;;3470052541
Franco;maruzzo;;3478524420
la bella;aiuto;;
esposito;femide;fesposito@hotmail.it;3470542688
;oldano;abcdefghijklm@alice.it;3463773754
massa;;gelasio.massa@alice.it;+393483218460
;;;3464821183
;polda;polda80@gmail.com;
;turidda;;3495375486
cannizzaro;bortolo;fanola51@hotmail.it;+393458058371
sementilli;;cloride.sementilli@hotmail.com;3472835056
boes;cassio;boes74@hotmail.it;3454036056
delgado;nila;;3486486816
;minuccio;;
tosolini;;igidio48@tim.it;3484738020
ceraldi;oldrado;oldrado04@gmail.com;
Parisi;;;+393488525562
diacetti;custode;ve.bartolucci@libero.it;+393467280182
giurgola;;;+393492403623
;andreina;a-guillencrespo@tim.it;3476380064
;ermello;odinella59@virgilio.it;+393478645724
;ilaria;bagnato65@hotmail.com;3460867746
De Santis;liseo;abcdefghijklm@gmail.com;3450718462
rudel;letanzio;palumboroviglio@libero.it;3487330775
cichon;nina;cichon@hotmail.com;+393453633245
ciervo;wania;;3493260853
;;f.lesniewska@gmail.com;3474553462
buccolieri;santo;a-guillencrespo@tim.it;3455000162
;duccia;ermentinotioni@yahoo.com;3473878044
zenina;pericle;;3485062414
diacetti;algemiro;;3485062414
gori;tamaro;;3452568226
;aladina;petritoli29@hotmail.it;3487330775
casadei;alfina;donaldo12@gmail.com;3460046347
Ferretti;deonisio;gianpaolo23@alice.it;3490007286
;;elda78@gmail.com;3482250518
iachini;plauto;igidio48@tim.it;
;ideo;effresantoro@tim.it;3471023428
haji;;genoveffo00@alice.it;3495260536
Bruni;;esposito29@hotmail.it;
wally;mara;ma.wally@yahoo.com;+393456338026
frasca;udilia;igidio48@tim.it;+393451050707
iuliano;sigismunda;oldrado04@gmail.com;3480754141
;india;ginizzi@libero.it;
iachini;sirto;duilio-nicastro@alice.it;+393486724650
russo;menio;me.russo@tim.it;+393464811164
;germanino;germanino31@alice.it;+393476055164
hijjoui;fondina;gelasio.massa@alice.it;3472616317
;pacina;abcdefghijklmnopq@tim.it;+393465614051
passitto;averio;averio-passitto@virgilio.it;+393451786671
gentili;simona;gentili93@libero.it;3453008011
Coppola;ferrantino;bagnato65@hotmail.com;3498670763
santana moscato;;santanamoscato-me@libero.it;3458276654
veneziano;linneo;veneziano73@alice.it;3467643807
Mariani;redea;;3458738455
tosolini;;myrta.tosolini@hotmail.com;+393488332523
colongi;;addamiano-colongi@hotmail.it;3453274803
vaccaro;tesio;tesiovaccaro@libero.it;+393461003644
;;abcdefghijklmnopq@tim.it;
mincuzzi;gallia;;3483586452
Pastore;fallerio;t.sassetti@hotmail.com;3487644055
;;davida89@libero.it;
de peppe;;fiova66@hotmail.it;3468738758
cardinetti;;aristidina67@hotmail.com;+393456837136
Vitali;dima;;+393464805275
sasvari;folema;sasvari67@tim.it;+393457528311
popovici;fiorelinda;popovici-fi@libero.it;+393492806660
sasvari;eda;eda-sasvari@yahoo.com;+393483668334
narducci;abela;;3493015135
;orma;orma.mezzogori@tim.it;+393483216052
papaleo;aria;;
haryadi;alam;;3450418430
spalletta;ninfa;abcdefghijklmnopq@virgilio.it;3472178025
;;abcdefghijklmnopq@tim.it;3492541442
costantini;;gentili93@libero.it;3463086460
;fiorilda;fervido18@hotmail.it;3491288715
kosek;idelmo;;3478372800
von oppen;isotta;isovonoppen@hotmail.it;3481732742
;foscherina;isovonoppen@hotmail.it;+393458818376
rucci;villermo;;3456857260
capitani;lidio;effresantoro@tim.it;3485444307
;offelia;;3472881780
farazi;;vefarazi@tim.it;3481056433
strazzanti;adeodato;strazzanti41@hotmail.it;3460037047
campanella;esuperia;esu-campanella@alice.it;+393482262035
;fulviano;;3465708446
tarozzi;clara;clara.tarozzi@virgilio.it;3488221514
cicconi;rinieri;cicconi@virgilio.it;+393471256524
;nievo;;+393462634343
piro;ormes;oderio-jebrane@hotmail.com;
;marcuccia;marcuccia62@virgilio.it;+393483668334
;ilena;ilenavilla@hotmail.it;
;odina;odina-corrias@gmail.com;3488021046
paul;mammola;ma-paul@hotmail.it;3492715830
sanges;siriano;;+393470506858
masetti;ravaldo;igidio48@tim.it;+393493677622
;mirco;oldrado04@gmail.com;
;fenzo;gentili93@libero.it;3483818135
;frosina;frosinaromagnoli@hotmail.it;3490212417
fadda;adone;abcdefghij@alice.it;3466237428
errichetti;provvida;baldinotti.galeana@alice.it;+393477122338
martys;saturnina;isovonoppen@hotmail.it;3477461327
baiano;iseo;baiano51@tim.it;+393473785052
clementucci;idolo;idolo-clementucci@alice.it;+393478535867
carpi marasco;vinicia;carletta24@libero.it;3456857260
vaccaro;;polda80@gmail.com;
iachini;beltrando;beltrando-iachini@virgilio.it;3461355875
Bernardi;maurillo;bernardi@libero.it;3498063236
boubaker;;duilio-nicastro@alice.it;3490447433
vaccaro;;elda78@gmail.com;3460736072
Piras;liliano;abcdefghijklmnopqr@virgilio.it;3483460207
lanzoni;esterina;abcdefghi@virgilio.it;+393498107102
lacerenza;editta;;+393493586778
minelli;;;
spalletta;curio;ve.bartolucci@libero.it;3455380364
;ode;conti41@hotmail.it;+393454853346
basile;melissa;bagnato65@hotmail.com;3496103834
Cavallo;ostelio;odinella59@virgilio.it;+393496477078
Aiello;felesina;aiello.fe@hotmail.it;3482703405
d'agapito;fiorentino;tesiovaccaro@libero.it;3473770441
;oreliana;f.lesniewska@gmail.com;+393462622481
de bacco;masina;madebacco@alice.it;3483430231
Costantini;atalo;costantini68@libero.it;+393487523781
;eritreo;e.serra@hotmail.it;+393488522472
harasymiuk;galieno;;
minelli;;;3464057166
Costantini;;abcdefghi@virgilio.it;3486733330
Ceccarelli;;carletta24@libero.it;+393457856777
freschi ;darvina;dafreschi@virgilio.it;+393462762563
di benimeo;adio;adi.dibenimeo@alice.it;
;walterina;mercantiniwa@hotmail.com;+393488535370
kosek;quinziano;qkosek@hotmail.com;+393470834181
bugli;lide;abcdefghijkl@virgilio.it;3475444213
;aderita;abcdefghijklm@libero.it;+393488332523
romano;leandrino;romano00@hotmail.it;3460152503
ceccaroni;oceania;beltrando-iachini@virgilio.it;3490025256
;william;william89@tim.it;
sipio;mariomaria;sipio23@hotmail.com;+393456338026
dolciotti;marisole;;3487302040
Cavallo;agata;cavallo81@tim.it;3461645425
caraballo;florana;;3477842583
ceraldi;artemidio;fiova66@hotmail.it;+393480341748
celotti;carducci;carducci84@yahoo.com;3478372800
ahamed;danillo;da-ahamed@hotmail.com;3464047133
zolea;celestino;celestino.zolea@gmail.com;3464627678
linzi;ledo;ledo36@hotmail.com;3495688563
felici;wulmaro;wulmaro34@virgilio.it;+393493586778
mincuzzi;omer;omer09@hotmail.it;
bertini;nicanore;e.caruso@virgilio.it;+393488737721
;rosimbo;rosimbo58@gmail.com;3475427551
;fioridea;umbertino17@tim.it;3470707871
;oristilla;oldrado04@gmail.com;+393478477761
;finistauro;finistauromilenov@yahoo.com;3480201754
Leone;miretta;miretta.leone@hotmail.com;3472652514
jebrane;astro;abcdefg@hotmail.com;
iacobelli;;fiacobelli@virgilio.it;+393477780144
filagna;alvezio;alvezio@tim.it;+393497207088
;odelio;odelio09@gmail.com;+393464430162
campana;oferto;ofe-campana@alice.it;3487255076
;;dalessandro.osvaldo@yahoo.com;3475661685
barruga;fenza;fesposito@hotmail.it;
;franceschino;franceschino42@virgilio.it;+393470776415
;;biondini08@hotmail.it;
Sala;franceschina;franceschina46@tim.it;3497756276
Marra;ermete;ermete50@hotmail.it;
sgrigna;fiorelinda;fiorelinda02@yahoo.com;3464186084
;;lapo100@gmail.com;+393470300452
policarpo;bibiano;fesposito@hotmail.it;3477864141
lopez;norge;no-lopez@yahoo.com;3486084674
;;fiorlinda.baldinotti@hotmail.it;+393486660672
;enea;odinella59@virgilio.it;
strazzanti;;fiorlinda.baldinotti@hotmail.it;+393491610524
piro;artide;;3462123106
palma ;oriade;palma50@tim.it;3490457500
rosato;pasqualino;;+393474158150
Pastore;ignazio;fiorelinda02@yahoo.com;3486686674
;barbaro;napoliba@hotmail.com;3461514484
di pasquale;orsio;cichon@hotmail.com;3462581151
callegarini;deonisio;ma-paul@hotmail.it;+393468517882
;superanzio;diacetti-superanzio@libero.it;3458465646
Arena;;corinna53@libero.it;+393490574338
Russo;giampaola;fanola51@hotmail.it;+393453786223
grossi pavia;;franceschina46@tim.it;
;pisano;contiu50@hotmail.it;+393472246566
;;abcdefg@virgilio.it;3490544226
;giolivo;giolivo@alice.it;+393458116302
andronico;neldo;neldo51@hotmail.it;3466335300
pompili;omelia;cichon@hotmail.com;+393483218460
;tarsilia;abcdefghijklmnopqr@virgilio.it;
Costa;odinella;odinella.costa@hotmail.it;3498735166
;agnieszka irena;esposito29@hotmail.it;3453185133
bartolucci;christopher;cbartolucci@virgilio.it;+393460888053
;ivan;;3463646207
Palmieri;natalia;gentili93@libero.it;3477174880
harasymiuk;ottonello;;+393492802555
vandenbulcke;manin;bagnato65@hotmail.com;
;forestina;celestino.zolea@gmail.com;3453331222
lucani;flemia;;3495375486
basile;melinda;oddinocampana@libero.it;3476571570
;lilia;li-paglia@alice.it;3483608813
alpi;algeria;alge.alpi@alice.it;3494628667
;oscaro;fabbri.o@hotmail.com;3461412368
baragliu;vicenzina;vbaragliu@tim.it;
;febbrina;davida89@libero.it;3481762767
;;;3462262232
bruni;;oneta00@yahoo.com;3475768458
Carbone;;carbone.w@tim.it;3476507022
;libiana;lpepe@alice.it;+393476288668
Costa;rediano;;3470307484
;abbondina;palma50@tim.it;+393473785052
bencivenga;vicino;vi-bencivenga@tim.it;+393497188244
Mariani;;pantalea08@hotmail.com;3480453026
de matteo;isido;;+393497188244
zanelli;;mariastella.zanelli@yahoo.com;3461128003
poni;;me.russo@tim.it;3458631760
liberto ;giacometta;giacometta80@hotmail.com;+393464475285
;;;+393496477078
;;a.nuti@hotmail.com;3451514160
pracucci;;conti41@hotmail.it;+393483351388
;audenzio;caligiuri34@hotmail.com;3472033634
;weslie;abcdefghi@virgilio.it;3486438506
romani bergonzo;licerio;;3485750705
;veneta;;3498638407
patruno;osmido;;3462817506
piersanti;;abcdefghijklm@gmail.com;3491755407
bassano;apollo;;
laurenti;filindo;filindo54@tim.it;+393460523258
;finimola;rocchi.finimola@yahoo.com;
Benedetti;inge;germanino31@alice.it;+393465363413
Piras;;;3480062811
ciarla;elviso;f.lesniewska@gmail.com;
clesceri;rubeno;fiorelinda02@yahoo.com;3454271876
baldinotti;orfemia;o.baldinotti@libero.it;3470707871
sepe ;belardino;belardino07@alice.it;3471304765
Benedetti;quirico;quirico.benedetti@tim.it;3498735166
Coppola;oneglia;oneglia.coppola@alice.it;
;gasparina;pagano.gasparina@libero.it;3454745218
;;abcdef@hotmail.it;
Fiore;nera;;+393481538244
piccoli;tomeo;;3478153107
celotti;guglielma;guglielma.celotti@libero.it;3493252126
;teodosio;teodosio.barsanti@hotmail.com;3462756808
pezzuco;dolcino;oldrado04@gmail.com;3453145201
mugione;oria;;3486012768
;ingenuina;ricciingenuina@hotmail.it;+393452006162
laurenti;aristidina;laurenti47@virgilio.it;3454604284
;furtunata;gentilefurtunata@tim.it;+393483428228
;;m.monaco@hotmail.it;
;argante;arga.satta@libero.it;3487302040
tabane;abbondanzio;abbondanzio21@yahoo.com;3468038044
giuliani;varina;giolivo@alice.it;+393454028270
de sterlich;;;3466347784
;fidelmina;napoliba@hotmail.com;3494437588
De Santis;fiordiligi;desantis87@alice.it;3450433226
;giovanna;giovanna68@virgilio.it;3478276384
moukrim;franzina;framoukrim@hotmail.com;3474452005
vassura;oriemme;aristidina67@hotmail.com;3492405475
cataldi;ottava;;3474382033
tambini;betta;franceschina46@tim.it;3477562030
felici;;arpa.felici@yahoo.com;3466235511
;asteria;desantis91@tim.it;3486725260
;;oliva10@gmail.com;3452534785
;leardina;ermeti97@virgilio.it;3460460438
balta;olisia;olisia.balta@yahoo.com;+393462003826
castagnoli;iana;;3494303160
;toscana;tpellegrino@virgilio.it;
ortu;;abcdefghijklmnopqr@libero.it;
;oriade;abcdefghijklmnopq@tim.it;
el hallaf;levia;;3458683852
cicconi;fridda;corinna53@libero.it;3470275757
pacini;adelmaro;pacinia@libero.it;+393470004460
bento da silva;norandino;pagano.gasparina@libero.it;3451703570
Ferrari;;abcdefghijklm@libero.it;
;elisena;aristidina67@hotmail.com;3458880105
;gallo;wicher-g@alice.it;+393475475266
avendato;carlina;carlina15@virgilio.it;3486615305
rosati;ariberto;rosati.a@hotmail.com;3476134377
zak;gervaso;;3475661685
;evardo;evardo74@virgilio.it;3494000682
;addolorato;bernardi@libero.it;3466201577
grande;fabia;e.serra@hotmail.it;3468034727
;tsvetan georgiev;t-adorno@tim.it;+393494836327
jebrane;william ramiro;;+393480074521
ossati;ivan;;+393457528311
;;;3463658638
marchi;argio;argio03@hotmail.com;+393460744667
;;;3463575822
;antonillo;antonillo30@hotmail.it;3461152411
;;;+393488223454
;;aristidina67@hotmail.com;+393461564260
cichon;carla vanesa;;
;ferramondo;;
;delino;d.satta@gmail.com;
;neve;;3466583457
;;idolo-clementucci@alice.it;+393480341748
renzulli;bandino;ba.renzulli@hotmail.it;+393487028343
;elzo;scotti@libero.it;3481762878
;redea;esposito29@hotmail.it;3464636778
;concezia;;
;roviero;;3463477227
haryadi;tosella;;3480014017
;cristofalo;;
boubaker;nivia;n.boubaker@gmail.com;3476827101
;onio;marcuccia62@virgilio.it;+393486652821
valbonesi;pompilia;pompilia36@libero.it;3488221514
Battaglia;ermelina;battaglia81@virgilio.it;3464585556
di mario;finaldo;;
cecchetti;;;+393484385202
Ricci;feruccio;myrta.tosolini@hotmail.com;3486725260
Leone;fiorindo;vi-bencivenga@tim.it;3468728534
sorrentino;ave;sorrentino57@alice.it;3476733513
lecca;andra;andra-lecca@tim.it;+393464722336
de filippis;lussoria;defilippis.l@gmail.com;3473440631
gagliardi;osvada;;3487508665
martino;raffaelina;ra.martino@alice.it;3476473308
croce;gedeone;croce-ge@libero.it;+393465685557
de florio;umbria;;3464184588
giurgola;;cicconi@virgilio.it;3465860230
zanellati;;zanellati@hotmail.com;+393490273207
gori;gesuele;palma50@tim.it;3478556711
di menna;;baldinotti.galeana@alice.it;+393461734365
infante;carmen;;3484176735
parravani;ridano;ri.parravani@yahoo.com;+393455212034
;fenela;;+393468271228
d'alessandro;gradisca;isovonoppen@hotmail.it;3468011672
Cavallo;amanda;;3452015764
spoletini;;fulgenzia22@virgilio.it;3460827202
marocchini;otteo;otteo.marocchini@tim.it;+393462873472
gentilini;;p-gentilini@gmail.com;+393455010760
;;;
;danila;tisba-da@gmail.com;3458667363
tabane;peppi;strazzanti41@hotmail.it;3461343628
;oddo;o.mercantini@hotmail.it;+393492275040
;medarda;;3494133755
rosati;elios;belardino07@alice.it;+393455513432
tarozzi;alisio;abcdefghijklmn@alice.it;3465850516
manzi;generosa;manzi61@libero.it;3486454173
;eudossia;abcdefghij@alice.it;+393471436103
odigwe;lorena;lorena07@hotmail.it;3495046440
;siliano;abcdefgh@virgilio.it;+393456057157
maldini;engelberto;aiello.fe@hotmail.it;3465002546
boes;osmelia;;3483160737
;ivanna;ivannamontevecchi@tim.it;3454745218
;genzino;genzino@tim.it;3487701544
naci;cavour;;
popovici;ferrucci;;3454168372
covato;;lpepe@alice.it;3454580803
tomassi;;abcdefg@hotmail.com;3462678020
;;mercantiniwa@hotmail.com;3476351384
bentivegna;faostina;abcdefgh@yahoo.com;3483004634
;amandino;a-pracucci@hotmail.com;+393481538244
pisacane;edilio;edilio-pisacane@hotmail.com;3452530424
Santini;duccio;;3476571570
Cirillo;menina;cirillo.menina@hotmail.com;3470307484
cichon;;cichon.altomira@gmail.com;+393450060661
Giorgi;sabbatina;abcdefghijkl@yahoo.com;3492483361
pinna;fedra;;3481471710
simoni;ciano;cianosimoni@virgilio.it;+393461720244
morsiani;achille;;3478174531
;elina;elina05@hotmail.com;+393473785052
taifi;pieretta;taifi.pieretta@hotmail.it;
capelli;ahmed;popovici-fi@libero.it;3497156222
;quartilia;edilio-pisacane@hotmail.com;+393463234650
;delfa;delfa13@hotmail.it;+393458150102
;giampaolo;giampaolo25@virgilio.it;3497528710
;melchiora;m.lecca@tim.it;+393494812180
;mem√ã;mkarim@yahoo.com;3464234087
vanni;guidantonia;;3476503281
giorgetti;letterio;argio03@hotmail.com;3466405403
bianchi;consolata;co.bianchi@virgilio.it;+393476533581
emumwen;;;+393480846634
;;gromala.policarpio@hotmail.it;+393472246566
moukrim;;abcdefghijklmnopq@tim.it;
;pancrazia;ba.renzulli@hotmail.it;3494057077
;ambro;ambro.pompili@hotmail.it;+393488146640
;viviana;;3460037047
Esposito;plavo;alge.alpi@alice.it;+393472638846
;stenia;stenia@alice.it;3451703570
;;gioiele46@hotmail.com;+393475475266
casella;palmina;gnani32@yahoo.com;+393497856703
ferrarese;adelmaro;abcdefghijklmnopqr@libero.it;3494316012
eichenberger;rafaella;r4f43ll431ch3nb3rg3r@gmail.com;+393497765801
balice;romino;a-guillencrespo@tim.it;+393458025181
zivkovic;amerino;abcdefghijklmn@alice.it;
Gallo;;o.gallo@libero.it;3477057540
;bengasina;franceschino42@virgilio.it;
bonsignore;;;3462626347
bazhanova;palmizio;abcdefg@virgilio.it;3450401136
;;poni37@virgilio.it;3478778576
zaccaria;paola;zaccaria.pa@hotmail.com;3465783225
;rosa;gnani@hotmail.com;+393464455067
Bruni;effisio;;
;gabino;;3450510408
moschetti;semira;;3488336311
paolini;rismondo;desantis87@alice.it;3452206432
wenz;carla;c.wenz@yahoo.com;+393465685557
mugione;mirano;mirano82@libero.it;+393452503864
bugli;fedorvana;febugli@virgilio.it;+393460302767
;;a-pracucci@hotmail.com;3475335627
mincuzzi;;mincuzziesperio@tim.it;+393496861488
;rosetta;rosetta92@hotmail.com;
jianu;glorio;abcdef@libero.it;+393477656264
rosato;signorina;signorina20@tim.it;3484012851
torraca;fino;f.torraca@gmail.com;
pompili;loredano;loredano.pompili@tim.it;3481705871
;mirocle;mi-piras@tim.it;+393462622481
chiricozzi;ermagora;;
;fidelina;fidelina70@yahoo.com;3493858827
colli;agenore;crescenzo@gmail.com;+393483655816
guida;ileano;ve.bartolucci@libero.it;
sassetti;nordino;nordino73@hotmail.com;+393481845271
bassano;amerino;bassanoame@libero.it;3483051514
orlandi;oleana;ole-orlandi@virgilio.it;3454271876
passitto;;rosildo-passitto@virgilio.it;+393487486818
napoli;rutilio;;3494353728
Esposito;fenisia;pacinia@libero.it;+393488146640
simonetti;belisario;;+393487874730
;;santella-satta@tim.it;+393492327388
;persia;persia52@hotmail.com;3462417365
Perrone;donata;laurenti47@virgilio.it;3452505058
antonelli;cinzio;;+393472247707
tomassi;marcuccia;marcuccia77@libero.it;3484583038
pongetti;edilberto;edilberto89@virgilio.it;+393491555231
cheikh talibouya;diodato;santella-satta@tim.it;+393458778807
vitor;alodia;abcdefghijklmnopqr@yahoo.com;3473642710
;giacchino;depeppe87@hotmail.com;+393483071654
bassolino;arcibaldo;arcibassolino@tim.it;3477745018
mascali zeo;mafaldo;mafaldo47@alice.it;3468738758
castaldo;fiorisella;abcdefghi@gmail.com;3490441722
pierucci ;elzio;pierucci-elzio@tim.it;3481543060
lunerti;;loredano.pompili@tim.it;3470548050
;olisse;;3486410116
;bonfilio;bonfilio90@tim.it;+393495480368
gindre;eride;;3477741374
jagmin;nicodema;abcdefg@alice.it;3457771886
;sarita;spulsoni@alice.it;3486012768
Caputo;;guglielma.celotti@libero.it;3455455171
;;battaglia81@virgilio.it;+393468340142
;fioralbo;abcdefghijk@tim.it;
rucci;albarosa;alba-rucci@alice.it;
Ferrara;robustino;;+393451625643
Bellini;gemello;gebellini@hotmail.it;
;armida;martinelli04@hotmail.com;3477850076
scipioni;maresa;;3486454173
;solimano;odinella.costa@hotmail.it;+393480846634
filipek;;;+393491725670
emumwen;lucrezio;abcdefg@hotmail.com;
scotti;;abcdefghijklm@gmail.com;3488020814
Catalano;eliseno;eliseno58@hotmail.com;3458735862
;sigilfrido;;+393460356106
;;susetta74@hotmail.it;3486508786
vassura;dionisi;d.vassura@hotmail.it;3462417365
cheikh talibouya;;cheikhtalibouya.alba@virgilio.it;+393480846634
;falando;;3478783571
quadrini;antuono;;3460147203
casali;;miretta.leone@hotmail.com;3455536242
;sisinnia;sisinnia26@hotmail.it;3474685434
alfano;;rocchi.finimola@yahoo.com;+393457146554
arlati;;arlati40@alice.it;+393451735280
;;giosu„ã.piani@alice.it;3458240638
;lorenzana;pierucci-elzio@tim.it;3490860540
;cristian mauricio;p-gentilini@gmail.com;3482765236
gealapu;olvea;olvea55@hotmail.it;3450024851
;;elda78@gmail.com;+393471632847
Ruggeri;claudina;neldo51@hotmail.it;+393497523654
ferrari;olmina;olmi-ferrari@alice.it;+393466827265
;andreatta;;3458735862
;adalio;adalio42@hotmail.com;3486725260
;niccolino;diacetti-superanzio@libero.it;3477850076
giannetti;;sgiannetti@virgilio.it;3475744434
;ontario;3lh4q40u10nt4r10@tim.it;3453665158
;dorindo;stenia@alice.it;
tomassi;;edilberto89@virgilio.it;3486410116
;ansuino;;+393484056512
Benedetti;redano;redano-benedetti@virgilio.it;3470815077
armaroli;evelina;taifi.pieretta@hotmail.it;3497743458
alfano;karen cortez;alfano37@gmail.com;3453145201
De Simone;alvisio;neldo51@hotmail.it;
Pinna;olita;;3465365138
Galli;;begalli@hotmail.com;3465588575
nurul;pierandrea;;+393474850763
;tilda;;3464180064
cutillo;;j.cutillo@tim.it;
;;quadaltinoferini83@gmail.com;3487738866
piani;malgorzata wieslawa;piani-ma@tim.it;3490544226
Volpe;;;3485352428
;jacopina;desantis91@tim.it;3454322375
zak;ferdiando;rocchi.finimola@yahoo.com;3456711761
antonelli;consiglio;3lh4q40u10nt4r10@tim.it;3481885860
;tazio;taziofiniti@virgilio.it;3462730130
;pasquino;freschi04@hotmail.com;3475335627
;;abcdefghijklmn@tim.it;
minuz;;udina.minuz@tim.it;3486435786
;darvino;neldo51@hotmail.it;+393481041544
;;olisia.balta@yahoo.com;3450573761
;feridia;feridia92@hotmail.it;3455520852
Mancini;bramo;udina.minuz@tim.it;3492273677
fusini;valentina;abcdefghijkl@virgilio.it;+393488426822
kosek;;domiziano27@alice.it;3493206401
luzzi;adorando;;3486410116
tioni;stalin;fedelica.zenina@hotmail.it;+393465860186
fortini;argo;;3477578286
;faliera;dipaolo-f@gmail.com;3466583457
pracucci;eraclito;eraclito75@yahoo.com;3472426563
;;no-lopez@yahoo.com;3458880105
;onestino;o-zak@virgilio.it;+393450206454
pereira de castro;milvia;pereiradecastro23@yahoo.com;3470081016
Silvestri;altieri;abcdefghij@hotmail.it;+393487530475
Moretti;;;+393451808005
;;;3468710818
polyzopoulos;;esu-campanella@alice.it;3493313747
fraticelli;anastasia;;+393450652177
;annibalina;maroncelli82@gmail.com;3484127861
verastegui pereyra;brillante;brillante.verasteguipereyra@alice.it;+393461480202
ermeti;;ermeti03@virgilio.it;
donati;ima;donati-ima@virgilio.it;+393467751257
;consilia;4l4mc0ns1l14@hotmail.it;3474274148
;giuffrida;;+393498000136
;nardino;nardino04@libero.it;+393467483441
Orlando;russo;abcdefghijklm@hotmail.com;+393458010372
del aguila rosario;;gisella35@hotmail.com;+393450772235
wozniczka;alcibiade;abcdefghij@alice.it;3486268326
boes;massimiliano;ma-boes@tim.it;3485782107
quartarone;;;3482852265
fiordigigli;fides;marcuccia62@virgilio.it;3460606430
;otelma;;
avello;;alfonza62@gmail.com;
;zarina;f.torraca@gmail.com;
wicher;;armella.wicher@yahoo.com;
baldari;ripalta;ripalta.baldari@alice.it;3480313334
Guerra;olivino;olivino48@gmail.com;
;libertaria;clesceri23@tim.it;+393460783126
caldironi;assuera;;
sarpieri;rovereto;rovereto22@tim.it;+393464404658
capanna;mammola;ma.capanna@virgilio.it;3483320122
piccoli;floresta;piccoli10@gmail.com;
;elisabetta;odelio09@gmail.com;+393452407520
moukrim;;moukrim63@hotmail.com;3495204483
Sala;publio;pu-sala@alice.it;3494868374
;;bianchino.quartarone@tim.it;3457057146
;ivina;ivina48@hotmail.com;+393484320332
colle;;;3481066436
grebenea;marello;grebeneamarello@tim.it;3457818631
fontana;marinuccio;marinuccio.fontana@virgilio.it;3452710622
;contardo;dipaolo-f@gmail.com;3468738758
Donati;armindo;olvea55@hotmail.it;3468263784
Mazza;giordana;giordanamazza@hotmail.com;3462203674
morsiani;osmar;abcdef@hotmail.com;+393460152106
gamberini;;doroteagamberini@hotmail.it;3474766142
covato;alfierina;;
fusini;edgardo;edga-fusini@hotmail.com;+393475246411
;dolfina;abcdefghijklmnopq@virgilio.it;
massa;rosanna;r-massa@hotmail.com;+393483736552
;gioiosa;me.russo@tim.it;+393490264833
lazazzera;;lazazzera13@tim.it;+393480285852
campana;adamo;;3474685434
capitani;peppina;e.serra@hotmail.it;3450408062
donati;germana;germana-donati@libero.it;
bazzocchi;oler;rosetta92@hotmail.com;3488383700
tomassi;lavina;lavina53@hotmail.com;3487330775
sassi;fedelina;napoliba@hotmail.com;
boschi;lerio;;+393482262035
;paola;mollica.p@hotmail.com;3460457515
Gargiulo;brigitta;abcdefghijklmnopq@hotmail.com;+393490512163
scarale;valeriana;scarale-valeriana@virgilio.it;
;scolastica;scolastica-zito@virgilio.it;+393467448406
vella;florella;;3473136575
giura;;;3456703086
;oranda;oranda65@tim.it;3492005805
Galli;tarcisio;delfa13@hotmail.it;
;menica;;+393492588130
iacobelli;novelio;;3468128483
Santoro;fiordelice;;+393455511805
urbini;salva;;3483557238
lattanzi;ermolao;nozavoli@virgilio.it;3495434446
;tilde;rossi73@virgilio.it;+393456878305
Fontana;paziente;paziente.fontana@libero.it;3473310167
;filippa;;3472368822
marocchini;bassiano;bassiano86@virgilio.it;3471167681
paradisi;gelsomino;paradisi69@hotmail.com;+393458778807
;querrina;querrinapiga@virgilio.it;3477422688
martellini ;simmaco;;3451252032
;ribella;frosinaromagnoli@hotmail.it;3474754630
buongrazio;gusmano;petritoli29@hotmail.it;3471575534
;novellino;;3450770320
farazi;telesfero;taifi.pieretta@hotmail.it;+393460230588
fadda;cafiero;cafiero44@hotmail.it;3484738020
bellino;;;3477680312
;mimina;mimina36@gmail.com;
el kaaba  armit;rachelina;;3462238206
;;dgreco@libero.it;3496730355
jagmin;marchetto;napoliba@hotmail.com;+393497815630
;callisto;;3478273851
caligiuri;;;3467540628
ranucci;doralice;ranucci-doralice@hotmail.it;3496020573
;;abcdefghi@gmail.com;3472641844
di maio;;dimaio-paulo@hotmail.com;
giuliani;;a-guillencrespo@tim.it;+393485172040
grebenea;diodora;polda80@gmail.com;+393474848706
;fenice;abcdefg@hotmail.com;+393451735280
celotti;galdina;;3461654851
di ruzza;alcmena;giolivo@alice.it;3460525606
bello;;;+393480668823
Castelli;redi;redi14@virgilio.it;
williams;faostino;faostino64@alice.it;+393482443241
kellmann;;laurenti47@virgilio.it;
;ampilio;a.mancini@hotmail.com;3497318115
cipollone;;icipollone@tim.it;3476343641
;notburga;ve.bartolucci@libero.it;+393497103100
;;fbuongrazio@yahoo.com;
Lombardi;licandro;licandro.lombardi@tim.it;3496580730
balta;;monserrata@libero.it;3457882330
donatini;feriano;feriano20@yahoo.com;+393498420246
callegarini;;callegarini.trentina@virgilio.it;3485115883
mucci;onerio;;3468710818
assal;;leoluchina.assal@alice.it;3464234087
urzo;osmanna;abcdefghijklmnop@alice.it;3475053325
;eramo;e.spalletta@hotmail.it;3456156103
;;baldinotti-nu@yahoo.com;+393491272880
bassani;eusebio;eu.bassani@hotmail.com;3464047133
piga;fenello;;3457760733
lacerenza;;ma-boes@tim.it;3465467136
;lela;abcdefghijklmno@yahoo.com;3486131210
;nicasio;aristidina67@hotmail.com;3453835035
;nero;nero49@gmail.com;3453162668
latini;mirocle;;+393462762563
de stefano;gallia;gallia100@hotmail.com;3493627051
conflitti;spera;belardino07@alice.it;+393456186556
;meschino;;3462687433
;faustino;faustino.quartarone@alice.it;3471575534
policarpo;flebonia;f.torraca@gmail.com;
marano;adelmiro;adelmiro@tim.it;+393452466774
;benuccia;benuccia@yahoo.com;
Vitali;romania;;+393456055517
;genovino;me.russo@tim.it;3486116456
;erto;oliva10@gmail.com;
callegarini;;abcdefghijkl@yahoo.com;3458276654
;no√ã;nocroce@virgilio.it;+393476004147
fadda;;abcdefghijklmnopqr@virgilio.it;3463431658
vella;manillo;vella98@hotmail.it;3456645233
corrias;ion florin;;3488383700
lena;beppi;abcdefgh@yahoo.com;3494326086
panchetti;falco;falco20@hotmail.it;3461474142
sanges;;porthos46@gmail.com;+393478650612
;tilla;;3492244462
sala;;zaccaria.pa@hotmail.com;3485062270
capone ;lorindo;lorindo82@yahoo.com;+393453732244
;lauredana;t-adorno@tim.it;+393492608724
fraticelli;bertina;fraticellib@tim.it;3471725838
boschi;ellenia;;
;;ferro43@hotmail.it;3464011851
;;oliviero93@alice.it;+393462562758
;salvadore;guzmansoriano-salvadore@hotmail.it;3455622623
Basile;;abcdefghijklmnopq@tim.it;3461707687
;moraldo;moraldo.scardone@libero.it;+393498173155
monsone ;pellegra;arga.satta@libero.it;3497373044
;galgano;gafiadone@libero.it;+393490554080
colli;;ivrea62@libero.it;3490432412
;micuccia;;3464202283
;gioella;conti.gi@tim.it;+393472350768
patruno;olvea;susetta74@hotmail.it;3450446688
Leone;lunetta;argio03@hotmail.com;+393483655816
;aladino;alafiniti@libero.it;3455226434
zurzolo;ananio;sasvari67@tim.it;+393495376834
mauro;piermarco;;3462030028
Orlando;;;3468332516
;;clara.tarozzi@virgilio.it;3454711801
lanzoni;brizia;alge.alpi@alice.it;3455625523
Agostini;ahmed;;+393464038035
lippi;;li-paglia@alice.it;3464221665
martys;rovero;rovero00@alice.it;3478881476
;ermentina;maroncelli82@gmail.com;+393467175440
fontanella;arsenio;leoluchina.assal@alice.it;3470343786
;nuccia;;+393465240050
dotti;mirte;mirte53@hotmail.it;+393488876345
Pinna;euplio;nardino04@libero.it;+393495335338
Mancini;leano;esposito29@hotmail.it;3461206773
;rialdo;rialdo80@yahoo.com;3490261107
Martini;druso;;3467165561
harasymiuk;mirte;;3477020808
Martino;fellina;f.martino@yahoo.com;+393455637311
;azzelino;azzelino15@hotmail.com;3464186084
bonn;sarino;bonn.sarino@yahoo.com;3468738758
lucarini;ascenzio;;3464047133
colonna;esuberanzo;lpepe@alice.it;3485458344
Ferretti;felice;ferretti58@hotmail.it;+393497648785
;chino;;+393494748540
;basiliola;abcdefghi@virgilio.it;3452878456
;rustico;rbrunetti@yahoo.com;3493206401
costa;;laurenti47@virgilio.it;3453266218
;bernardina;;3485482471
del aguila rosario;;mim„?.delaguilarosario@hotmail.com;3461023517
kazi;cesareo;santella-satta@tim.it;+393457526653
Barone;ramona;freschi04@hotmail.com;3497756276
;fioriggi;fioriggi-gnani@tim.it;3497623716
balice;;defilippis.l@gmail.com;+393488165416
;finau;;+393465311077
bonventre;amorosa;;3467685132
;anna;abcdefghi@virgilio.it;
casali;;frera88@yahoo.com;3483417062
;remolo;remolo81@virgilio.it;3483464468
;;abcdefghijkl@tim.it;3498212577
;robustina;ballonir@hotmail.com;
brunetti;giovacchino;franceschino42@virgilio.it;3457344305
;;;
;marila;oliviero93@alice.it;3450500465
;mira;caraballomira@virgilio.it;+393483440300
gutjahr;orleano;redi14@virgilio.it;3495764805
;liliano;e.serra@hotmail.it;+393475822176
Pepe;cadornino;capepe@tim.it;3484481763
;gaudenzo;gaudenzo79@tim.it;+393455275517
cavaterra;;immo83@gmail.com;
;oreto;casadei.oreto@yahoo.com;3486182325
tabane;pinotto;;3487644055
Neri;;fiorinda60@hotmail.it;
;refenio;;3454425034
comini;;;
masetti;;;3484075706
;amalfio;a-santini@gmail.com;3490547773
Russo;damiana;;3491878042
caccamo;;genoveffo00@alice.it;
;arimondo;abcdefghij@alice.it;
speziale;orlandino;o-speziale@hotmail.com;
;fanola;abcdefghi@alice.it;+393491806311
rudel;;rudel.ermido@gmail.com;3486167150
quartarone;madina;ivrea62@libero.it;3464636778
pascucci;ormano;orma.pascucci@virgilio.it;
spoletini;tripolina;;
Morelli;eralda;;3463400085
sorgentone;;adelaide66@hotmail.com;+393450343210
;elza;bonsignore85@tim.it;3497623716
;edina;o.gallo@libero.it;
comini;leonisia;le.comini@yahoo.com;+393460554811
Fumagalli;amabile;amabile08@tim.it;
odigwe;zelmina;zelmina36@yahoo.com;3481351138
fontolan;reanto;mincuzziesperio@tim.it;3460457515
;caruso;;+393472423302
rocchi;redentore;rosetta92@hotmail.com;+393463042620
;sofronio;c4st4ld1s0fr0n10@hotmail.it;3468768266
;lambertina;lambertina09@hotmail.com;3471605341
scotti;tonuccio;tonuccio@yahoo.com;3453418575
cenciarelli;fiorangela;fi-cenciarelli@yahoo.com;
scipioni;norina;donati-ima@virgilio.it;+393494812180
;geltrude;;+393485772671
de peppe;ilarione;iladepeppe@virgilio.it;+393495341301
;uta;uta61@gmail.com;+393480140832
caccamo;;solimeno96@tim.it;
;eddo;eddo87@hotmail.com;
Serra;;elgo87@hotmail.com;3477023875
jianu;jolando;jianu.jolando@libero.it;+393475811462
contiu;onilia;o-contiu@alice.it;3476158173
;polibio;po.messina@yahoo.com;3470307484
cichon;otelmo;otelmo.cichon@hotmail.com;3482652365
baldari;marco;baldari19@libero.it;+393493338227
labella;lea;;3462014244
iacoangeli;timotea;mollica.p@hotmail.com;3486801473
;francia;francia-bentodasilva@hotmail.it;
;aldobrandino;aldobrandinocaraballo@hotmail.it;3485444307
diacetti;walfrido;;3494807440
bruni;olelia;brun10l3l14@tim.it;3495354155
piacentini;miledi;arga.satta@libero.it;3494761357
popescu;teresita;popescu36@virgilio.it;+393482258870
;marzialina;rocchi.finimola@yahoo.com;3453065672
;noretta;noretta.zavoli@yahoo.com;3464821183
Carbone;archelao;a.carbone@alice.it;3471745033
Ferro;marziale;marzialeferro@tim.it;+393490211837
liberto ;dima;marcuccia77@libero.it;3450152505
rossi;redegonda;casadei.oreto@yahoo.com;3464468285
di mario;dolorino;abcdefghijklmnopq@tim.it;+393470408674
Mazza;fedelia;fedelia.mazza@hotmail.it;
;;;3465378276
blasi;carmelito;desantis87@alice.it;3457057627
maldini;nicoletto;odinella.costa@hotmail.it;3488504647
;nivardo;niapreda@yahoo.com;3483074362
Orlando;;germana-donati@libero.it;3468784243
di marco;;laurenti47@virgilio.it;3465744341
Monti;alcibiade;;3473770441
Moro;ovaldo;;3455055264
cusin;lorieta;;
di menna;;;+393475108634
pelo;santo;pelosa@yahoo.com;
caniglia ;assuera;caniglia.assu@virgilio.it;+393460175362
;;rosildo-passitto@virgilio.it;
;lerio;pacinia@libero.it;+393454152467
Volpe;rizzo;ortu93@gmail.com;3453471801
d'amico;gandolfo;gandolfo02@gmail.com;3498603858
;leonino;leonino62@libero.it;3477304476
de filippis;clarenzio;cladefilippis@alice.it;3481444220
;cosmo;co.palmieri@gmail.com;3476143405
de simone;;svaldo21@libero.it;3495821341
alfano;florindo;arpa.felici@yahoo.com;+393487735425
;filippino;;+393474118763
scarale;fenicola;fabbri.o@hotmail.com;3473668782
Giuliani;ion alexandru;ionalexandru57@libero.it;
;beatrice;beatriceveneziani@libero.it;+393486508156
zepponi;fortunatina;fo-zepponi@virgilio.it;3492848734
accadia;reginalda;accadia95@hotmail.it;3478783571
tronconi;;;3498882743
;diliana;dilianafontana@gmail.com;3455720861
;;fedelica.zenina@hotmail.it;3473581570
d'agapito;pompeo;abcdefghijk@libero.it;+393477748620
;pascasia;pascasiadeflorio@tim.it;3475308503
;sistina;eu.bassani@hotmail.com;3464011851
Grassi;;luigia-grassi@alice.it;3462467127
el hallaf;terzilia;leonino62@libero.it;3466530617
;pietruccia;pietruccia.luzzi@yahoo.com;3468024513
;;depeppe-one@gmail.com;+393480207700
;walfredo;walfredo82@gmail.com;+393477323861
strazzanti;ferucio;f.strazzanti@yahoo.com;3461463854
;antonino;arlati40@alice.it;3471575534
porta;;livioporta@alice.it;3486726071
;clemenzio;;3477422688
mohammed;aquilina;scotti@libero.it;3494322861
infante;amarillide;oderio-jebrane@hotmail.com;3456076303
;agamennone;nicastroaga@hotmail.it;3454883832
odigwe;ricorda;aristidina67@hotmail.com;3450530887
salvini;blandina;abcdef@hotmail.com;3475055506
huaman lopez;pompeo;pompeo86@libero.it;3453784825
ortu;elzio;elzio30@hotmail.com;
;dioscoride;dioscoride79@hotmail.com;
;;;+393450361702
De Simone;eudosia;;3453050560
pasolini;ottina;;3481640215
Palumbo;nicol√ö;nicol„ö24@hotmail.com;3465032284
castagna;;;+393480021621
;;c14rl4r13ll01s4b3ll0@virgilio.it;
Gentile;vanna;william89@tim.it;3494643563
corrias;;croce-ge@libero.it;3476507022
Coppola;isaura;isaura60@yahoo.com;+393485277834
borkowska;;borkowska07@virgilio.it;3457226780
delgado;comita;delgado63@tim.it;+393458760385
kellmann;olida;corinna53@libero.it;+393493644384
zaratti;ramuccio;ra.zaratti@virgilio.it;3488726647
;ubertina;;3496730355
caraballo;aldighiero;a.caraballo@gmail.com;+393491623344
;;gdalessandro@virgilio.it;3462322513
;giandomenico;abcdefghijklmno@libero.it;+393490516431
oliva;signorello;oliva@hotmail.com;3460444587
romano;corso;abcdefghijklm@hotmail.com;3492273677
;triestino;triestino50@hotmail.com;+393492275040
cutillo;janna;janna78@gmail.com;+393470776415
ahmed el ghandor;fara;abcdefghijklmno@libero.it;3464877072
;;pelliccia66@hotmail.com;3484572086
Rizzi;;rizziori@tim.it;
cauteruccio;romilia;romilia@hotmail.com;3451514160
;;fioralba85@yahoo.com;+393494300207
giorgetti;cesina;gianpaolo23@alice.it;3487621418
popovici;delisio;odinella.costa@hotmail.it;3468001458
Mazza;sergina;smazza@alice.it;3475326530
;martano;;3497373044
jaschke ;;jaschke16@gmail.com;+393485355261
strazzanti;orietto;ri.parravani@yahoo.com;+393483668334
;cliceria;cliceria.gnani@yahoo.com;+393464128448
Romano;stanislaw;r-massa@hotmail.com;3455436407
Santoro;;arlati40@alice.it;3474563108
;efisino;;+393452466774
ricciolino;ica;ricciolino64@libero.it;3483217316
casella;cleme;;+393465825147
di carlo;glicerio;;
rotella;falina;falinarotella@virgilio.it;3454067874
cecchetti;reginaldo;reginaldo@hotmail.it;3488485521
;marica;bartolini07@yahoo.com;+393465361528
zanella;monaldo;eliseno58@hotmail.com;3494744564
pozzi;;ta.pozzi@tim.it;3493346118
Arena;;orsoarena@hotmail.com;3492483361
;demaro;;3471763171
Rizzo;gaio;ga-rizzo@gmail.com;3461105887
popovici;carisio;;3453443756
d'amore;;;3458641277
;vettore;masetti-vettore@hotmail.com;3452207668
;engelberto;engelberto73@tim.it;+393494306663
;landino;landino.dotti@hotmail.it;3481442154
rosata;alfeo;;3452207668
Palumbo;osiris;;+393467718535
Battaglia;fioruccio;f.battaglia@virgilio.it;3463232770
parini;erico;m.lecca@tim.it;+393475885282
morsiani;zenio;jaschke16@gmail.com;3455730506
;;;3452032034
sanna;fedelino;sanna-fedelino@yahoo.com;3474170162
;gaudiosa;gaudiosa79@virgilio.it;3453155818
oliva;valchiria;vaoliva@tim.it;+393487662214
donatini;;fidelio@alice.it;3496556478
minnella;;abcdefghi@libero.it;3495375486
;teobaldo;teobaldo-montanari@virgilio.it;3456383886
cauteruccio;palmero;p4lm3r0c4ut3rucc10@yahoo.com;+393455160382
;;;3462263255
chesti;pinello;chestipinello@virgilio.it;+393496833555
;idalina;idalina02@gmail.com;3456360352
rosata;zeno;;
;realdina;antonillo30@hotmail.it;3481010444
;;;
Greco;;no-lopez@yahoo.com;
barruga;;barruga75@virgilio.it;3490563176
raqabi;valdimiro;valdimiro.raqabi@yahoo.com;3456140441
Catalano;aldomiro;aldo-catalano@tim.it;3472050826
;clarita;;3470461811
fiordigigli;odone;;+393457252458
;sperandeo;;+393465462510
pinna;ervenio;alfano37@gmail.com;3494556764
guzman soriano;;;3473707128
moschetti;leonzio;veneziano73@alice.it;+393458058681
;nicolosa;nicolosa-martino@virgilio.it;+393483533166
wirth;luisetta;wirth91@hotmail.com;3473461875
piani;alghero;;3476454472
;;dorascenzi64@gmail.com;
piacentini;edda;edda82@hotmail.it;3488221514
De Rosa;fridiana;derosa09@libero.it;
rossi;pierina;moraldo.scardone@libero.it;+393464736635
latini;;a.latini@yahoo.com;3456668648
satta;egla;egla-satta@alice.it;3477876022
;finuccia;fi.russo@libero.it;+393491682703
cusin;solferino;beltrando-iachini@virgilio.it;3495768620
;anselmo;;3492066217
la bella;gislena;;3456006213
;floreana;;
bernardi;abramo;abra.bernardi@virgilio.it;3498415636
;cito;vonoppen.c@tim.it;