NOME;COGNOME;TELEFONO;EMAIL;
Egizia;Mezzogori;3467312667;174559773@alice.it;
Cesara;;+393467550836;174559773@alice.it;
Gorina;Conti;+393465053748;;
Bonito;;3487081170;;
Nereo;;3469067480;174559773@alice.it;
Ascania;;+393456494822;4sc4-gn4n1@alice.it;
;El Kaaba Armit;+393456494822;3lk44b44rm1t-rug13r0@hotmail.it;
Oliano;Kellmann;3480415570;3lk44b44rm1t-rug13r0@hotmail.it;
Illiano;Carullo;3466179915;3lk44b44rm1t-rug13r0@hotmail.it;
Forese;Tomassi;+393455336864;tomassi16@gmail.com;
Orestilla;Capanna;;orestilla69@yahoo.com;
Catello;Verastegui Pereyra;3481859840;;
Corradino;Apreda;+393486022925;corradino17@hotmail.com;
Goliarda;Cozzolino;+393478034957;corradino17@hotmail.com;
Tanuccio;Ceccaroni;3460981703;ceccaroni58@yahoo.com;
Ortolano;;+393478034957;66157963@gmail.com;
Domitillo;Accadia;;domitillo.accadia@virgilio.it;
Eupreprio;;+393457099383;3lk44b44rm1t-rug13r0@hotmail.it;
;Coccia;3466179915;ceccaroni58@yahoo.com;
Odisseo;Olivieri;+393457099383;66157963@gmail.com;
Umbertino;Ducci;3482356766;ducci52@hotmail.com;
Ivo;Ianne;3453724055;ivo29@yahoo.com;
;Chesti;3471734414;orestilla69@yahoo.com;
Cora;Andronico;+393459025091;ceccaroni58@yahoo.com;
Nisa;Giuliani;+393487711723;;
Rosana;;3459894937;4sc4-gn4n1@alice.it;
Cleontina;;+393454744800;ivo29@yahoo.com;
;Zaccaria;+393474562761;domitillo.accadia@virgilio.it;
Marilda;;+393499636635;domitillo.accadia@virgilio.it;
;Orlandi;3471524208;174559773@alice.it;
Nivia;Zolea;3491739431;nivia37@tim.it;
Marinetta;;3460321249;;
Primiera;Pozzi;+393490468793;primiera93@hotmail.it;
Rudy;Romani Bergonzo;3458533393;3lk44b44rm1t-rug13r0@hotmail.it;
;Mariani;;ivo29@yahoo.com;
;Valdinosi;+393456494822;;
Mirena;Sbreni;3490488207;;
Aloise;Carbone;3497229082;aloise91@hotmail.it;
Mirando;Grande;+393497470161;nivia37@tim.it;
Floredana;Jagmin;3460843547;ducci52@hotmail.com;
;Apreda;+393473492341;apreda75@alice.it;
Odorico;Siracusa;3463850135;odorico24@alice.it;
Olfango;;3458593743;olfango97@gmail.com;
Ferrarina;;+393455993062;;
Orella;;3469067480;orella32@yahoo.com;
Emina;De Cataldo;3490191831;emina-decataldo@gmail.com;
Floranda;;3491739431;delgadillovargas14@tim.it;
Onero;;+393450979324;onero-fontanella@gmail.com;
Arialdo;Salamone;3478423997;arialdo61@yahoo.com;
Amaddio;Marino;3460981703;m4r1n0-4@hotmail.com;
;Sanna;3461482443;emina-decataldo@gmail.com;
;Policarpo;3455783719;4m3gl10-p0l1c4rp0@virgilio.it;
Euprepio;;;174559773@alice.it;
Roderico;;+393478379566;;
Alexandre;Sgrigna;3456655454;primiera93@hotmail.it;
Idelio;Ricci;3499674059;i.ricci@alice.it;
Iovina;El Kaaba Armit;;elkaabaarmit.io@hotmail.com;
;Vannozzi;3497229082;vannozzi28@gmail.com;
Merindo;Baiano;;;
Genuina;Baldari;3476185321;baldari-g@hotmail.it;
Ardovino;Ruggiero;+393467550836;66157963@gmail.com;
Filippella;Bushulli;3474598425;;
Oreglia;Giorgio;+393497470161;tomassi16@gmail.com;
;Boes;;ducci52@hotmail.com;
Alfonso;Balloni;3454811394;;
Claudio Giuseppe;Williams;+393499636635;ducci52@hotmail.com;
Lucino;Bruni;3481859840;l.bruni@yahoo.com;
Clerice;Battaglia;+393459025091;4sc4-gn4n1@alice.it;
Isacco;Bellino;3472766301;;
;Borghini;3494806731;borghini@yahoo.com;
Gismondo;Jebrane;3466895624;domitillo.accadia@virgilio.it;
Arcibaldo;Giuliani;3490677839;ceccaroni58@yahoo.com;
;Casella;+393492092089;;
Emidia;Crognale;3475655785;emidia46@virgilio.it;
Doviglia;;3476185321;delacruz59@libero.it;
Feliziano;;3472023178;feliziano03@alice.it;
Gidio;;+393464216968;;
;Lattanzi;3466414409;;
Fortunio;Grasso;;olfango97@gmail.com;
Mauda;;3453923946;tomassi16@gmail.com;
Siliana;Delgadillo Vargas;3469771791;;
Valento;Sipio;3450515360;va-sipio@alice.it;
Olida;Colle;3460843547;colle63@virgilio.it;
Maudo;Pepe;3496141795;;
Onorinda;;3483105376;onorinda64@hotmail.com;
Giunia;Villa;3459033176;villa35@alice.it;
Nive;;3457220936;174559773@alice.it;
Felesina;;3481222365;fe-parisi@yahoo.com;
Stenio;Accadia;+393454735167;colle63@virgilio.it;
Ellenio;Galli;+393487711723;3.g4ll1@tim.it;
Foscarina;;3473924549;;
Consolino;Fontanella;3483105376;;
Merina;D'emilia;3451599218;174559773@alice.it;
;Parravani;3482356766;parravani49@alice.it;
Bluetta;;+393493356598;villa35@alice.it;
Tano;Salvemini;+393485476661;l.bruni@yahoo.com;
Delfo;;3474584265;parravani49@alice.it;
;Blasi;;simonella26@hotmail.it;
Ermesina;Zanellati;3492975340;borghini@yahoo.com;
Aldegondo;Rotella;+393491103542;nivia37@tim.it;
Dircea;;3478423997;domitillo.accadia@virgilio.it;
;Attendoli;3480209645;arialdo61@yahoo.com;
;Di Santo;3487081170;ceccaroni58@yahoo.com;
Chiarastella;Martinelli;3487437377;;
Bennardo;Diacetti;+393473666947;be-diacetti@hotmail.com;
;Cagnotti;+393476029951;amarillide-cagnotti@gmail.com;
;Marata;;colle63@virgilio.it;
Dalmazzo;Rossi;3491061463;;
Bindo;Sala;+393482609657;174559773@alice.it;
Samuela;Lecca;;3.g4ll1@tim.it;
;Carpi Marasco;+393454735167;67996706@tim.it;
Reto;;+393454744800;;
Assunta;Martini;3476129734;assunta69@yahoo.com;
Fenelia;Barone;3451109901;i.ricci@alice.it;
Agatone;;3482248323;4g4t0n3-brun3tt1@alice.it;
Orosola;;3462007871;0r0.sp0s4t0@virgilio.it;
Crescenzo;Pongetti;3472474654;3lk44b44rm1t-rug13r0@hotmail.it;
;Kazi;+393475855997;66157963@gmail.com;
Ornea;;3452357288;apreda75@alice.it;
;Russo;3456912981;vitalino60@yahoo.com;
Marianno;;3465285182;pereiradecastro.marianno@libero.it;
;Coluccia;3454602349;;
;Romagnoli;3483956418;67996706@tim.it;
Euprepio;Ciampaglia;3487081170;parravani49@alice.it;
Alvezio;Bentivegna;+393454735167;3lk44b44rm1t-rug13r0@hotmail.it;
Vergilio;Giorgi;3459238430;ducci52@hotmail.com;
Teodato;Avello;3482792850;;
Dosolino;Andronico;3458828616;d0s0l1n0-4ndr0n1c0@hotmail.com;
Rinda;Palmieri;3477394785;rinda@tim.it;
Giammarco;;+393451097648;paduano.gi@libero.it;
;Andruccioli;+393464216968;andruccioli-grato@libero.it;
;Guerra;3491071116;i.ricci@alice.it;
Geraldina;;3461286369;rossi49@hotmail.com;
Azzurra;;+393496486091;azzurra.zivkovic@yahoo.com;
Mildo;Meloni;3480415570;assunta69@yahoo.com;
Tarsilia;Resende Azevedo;+393481888927;4sc4-gn4n1@alice.it;
;Di Carlo;3456447753;v-dicarlo@libero.it;
;Magalotti;3474085481;rossana68@hotmail.it;
Olietta;;3494690180;m4r0cch1n1.0l1@tim.it;
;Buongrazio;3465473663;;
Anacleto;Amato;;8730783@hotmail.it;
Oriana;Bernacci;+393484144238;ivo29@yahoo.com;
Lorenzana;Sorrentino;+393473604552;9843383814@tim.it;
;Pellegrini;3483476208;fe.pellegrini@tim.it;
;Coulier;+393474929199;odorico24@alice.it;
Baingia;Pracucci;3487081170;baingia.pracucci@virgilio.it;
Novarro;De Domenico;3450442203;dedomenico@hotmail.it;
Ottobrino;Russo;3466224949;o-russo@virgilio.it;
Biagino;Pozzi;+393496527452;assunta69@yahoo.com;
Verio;Cospito;3486962405;v-cospito@yahoo.com;
;Jaschke;3458533393;m4r1n0-4@hotmail.com;
Bonacatu;Bassani;3492636531;fe-parisi@yahoo.com;
;Quadalti Noferini;;quadaltinoferini28@yahoo.com;
Vanina;Pascale;3458593743;vanina35@hotmail.com;
Ruperto;Von Oppen;3487644128;4g4t0n3-brun3tt1@alice.it;
Nona;Guidi;3453664127;baingia.pracucci@virgilio.it;
Gabriella;;+393473560047;gabriella74@hotmail.it;
Orfella;Di Carlo;3450515360;orfella44@gmail.com;
Olvino;Rinaldi;3485836918;olvino80@yahoo.com;
Carina;;3461482443;;
Efisina;Errichetti;+393469313251;efisina-errichetti@yahoo.com;
Concezia;Vitale;3481156038;vitale83@gmail.com;
Orisia;Saccone;+393454439893;4g4t0n3-brun3tt1@alice.it;
;Veneziani;+393469149912;i.ricci@alice.it;
Delmina;Donatantonio;3454059953;;
Livenza;Bentivegna;3498361569;l-bentivegna@libero.it;
;Sbreni;3458221222;sbreni.ida@yahoo.com;
Ottava;Settembrini;3483817296;aloise91@hotmail.it;
Oler;;3465473663;ole.brunetti@alice.it;
Ahmed;Dallago;;;
Paolino;;+393493356598;onorinda64@hotmail.com;
Fenolia;Rizzelli;3463356623;3lk44b44rm1t-rug13r0@hotmail.it;
Valerio;Alfano;3480314653;valerio49@hotmail.it;
Ovilio;Lanzoni;+393476914861;o.lanzoni@hotmail.it;
Nandino;;;;
Fridolino;;+393489978666;bassano44@alice.it;
Mariateresa;Sebastiani;3483029697;ducci52@hotmail.com;
Iliana;Caputo;3479856816;iliana16@yahoo.com;
Helga;;;azzurra.zivkovic@yahoo.com;
Palmino;;;amarillide-cagnotti@gmail.com;
;Stazzone;;;
India;Oliva;3479760406;indi.oliva@alice.it;
Rainero;Pinna;3455019266;pinna-r@hotmail.com;
Genesio;Neri;3474513608;;
;Bellinzoni;;miralda88@alice.it;
Ando;Bartolucci;3458405595;ando29@virgilio.it;
;Naci;3458698397;;
Genziana;Colli;3482822758;;
Orlando;;+393481888927;v-cospito@yahoo.com;
Vassilli;Agostini;3450935914;vassilli33@tim.it;
Ambrosia;Gagliardi;3453050250;g4gl14rd1-4mbr0@yahoo.com;
;Anklin;3463528384;mirello33@libero.it;
Everardo;;3494690180;everardo.mahu@hotmail.com;
Ascenzio;;3468226947;ascenzio.pisacane@gmail.com;
Raffelina;;+393471366221;7304571@hotmail.com;
Max;;+393478379566;v-cospito@yahoo.com;
Placidino;Pepe;3471734414;pepe.pla@gmail.com;
Altero;;3453148753;elfalaki.alte@yahoo.com;
Bartolina;Giorgio;3490639155;va-sipio@alice.it;
Elmo;Wenz;;mirello33@libero.it;
Anchise;;3474547758;emina-decataldo@gmail.com;
Rosarino;;+393476029951;ole.brunetti@alice.it;
Folgora;Lorusso;3482724575;va-sipio@alice.it;
;Sorbalo;+393459025091;f3d3l1n4.s0rb4l0@hotmail.com;
Raggio;Poli;3468207533;;
Gioiella;;+393454629856;;
Fiorantonio;Dallago;3481662358;fiorantonio28@hotmail.com;
;Rifilato;3490983263;chicca96@yahoo.com;
Floridia;Zaccaria;+393468236634;vitale83@gmail.com;
Iso;Bazhanova;3494833255;iso44@alice.it;
Alcmena;Leone;3478450484;alcmena89@hotmail.it;
Iosella;Masetti;3484096163;;
Eglantina;De Simone;;eglantina30@alice.it;
Roe;Rimoldi;+393488181093;rimoldi19@yahoo.com;
Primola;Fortini;3473183326;p-f0rt1n1@hotmail.com;
Furiano;;3484767685;f-gargiulo@gmail.com;
Fabbrizio;;+393453331274;5424018476@alice.it;
Vincenzo;;+393478034957;poli96@tim.it;
Idalgo;Pello';;;
Genovina;Lucani;3457088639;g3n0v1n4.luc4n1@alice.it;
Giobatta;Rizzelli;3455522268;giobatta37@alice.it;
Eucherio;La Sorda;+393469988384;eucherio-lasorda@virgilio.it;
;Bartolucci;3466794880;;
Calliope;Usami;3495236297;calliope.usami@gmail.com;
Fulvio;;3461843558;;
Zea;Valentini;3476531220;zea71@alice.it;
Glauca;Fusini;3468986915;glauca87@yahoo.com;
;Freschi;+393470399202;;
;Potalivo;3459136235;chr1st0ph3r-p0t4l1v0@hotmail.it;
Erpidio;;3497859140;erpidio85@gmail.com;
Imerio;Giurgola;3464522145;1m3.g1urg0l4@alice.it;
Marziale;Bassani;+393456636183;;
Bachisia;Kamal;+393455282147;chicca96@yahoo.com;
Avelio;Toso;3488490404;avelio28@yahoo.com;
;De Luca;+393469091587;;
Giacchino;;3463850135;arialdo61@yahoo.com;
Scipione;Von Oppen;;;
Amperio;;3459919782;alfano.a@virgilio.it;
;Perrone;+393466529292;alcmena89@hotmail.it;
Olinto;;;;
Iovina;Coluccio;+393452306489;coluccio52@tim.it;
;Patwary;+393490821069;;
Fabiolina;Veneziani;+393461242264;;
Genisia;;3472338323;papaleo55@hotmail.com;
;Prelati;3460981703;66157963@gmail.com;
Fredesvinda;;3481237393;metozzi-fredesvinda@gmail.com;
Olivino;Iachini;3492102092;olivino45@alice.it;
Firmo;Ermeti;;firmo07@gmail.com;
;Garofalo;3498077080;o.garofalo@tim.it;
Katia;Focaccia;+393466274210;katia-focaccia@alice.it;
Astero;;3456972353;astero64@yahoo.com;
Illeana;Nurul;;orella32@yahoo.com;
Oribio;;3466993684;monti-ori@gmail.com;
Vivio;Ruggeri;+393494223637;;
Napoleone;;+393475864104;4g4t0n3-brun3tt1@alice.it;
Ervino;;+393460935411;ervino-curcio@hotmail.it;
Ardingo;Policarpo;+393494502584;ardingo@yahoo.com;
;Amato;3463356623;;
Selena;Gasmi;+393465346067;;
;Fiordigigli;3496581470;olivino45@alice.it;
;Soldati;3458698397;mariassunta-soldati@hotmail.com;
Alderico;La Sorda;+393482344179;4g4t0n3-brun3tt1@alice.it;
Carmelito;;;domitillo.accadia@virgilio.it;
Ovelio;Fiordigigli;+393467370315;ovelio@hotmail.com;
;Baiano;3491239018;;
Alvario;Castaldi;3454882865;;
Laudonia;De La Cruz;3474686398;d3l4cruz-l4@tim.it;
Fiorante;Eichenberger;3480031667;;
Renso;;3451109901;vannozzi28@gmail.com;
Consilia;Di Maio;3496744955;consilia-dimaio@libero.it;
;Pezzuco;+393489470378;avelio28@yahoo.com;
;Prelati;3450909690;;
Belardo;Vanni;3472766301;v4nn1-b3l4rd0@alice.it;
Oriade;Cauteruccio;3490778799;c4ut3rucc10.0r14d3@tim.it;
Fannia;Boncompagni;;eglantina30@alice.it;
Rita;Frasca;3454008701;rita72@gmail.com;
Alduina;;+393467115029;nivia37@tim.it;
Evina;Bianchi;3487990989;evina.bianchi@libero.it;
Adolfino;Fiordigigli;3472756811;;
;Romano;+393492996804;romano67@yahoo.com;
Riccardino;;3494601326;orella32@yahoo.com;
;Zanellati;+393488527411;colle63@virgilio.it;
Fontana;Delgado;+393471103914;elkaabaarmit.io@hotmail.com;
Iliade;Bernardi;3497894455;;
Ornato;Greco;3498491660;orestilla69@yahoo.com;
Onofria;Placidi;;monti-ori@gmail.com;
Antenore;Scipioni;3483193284;scipioni@hotmail.it;
;Hajji;3495383529;d.hajji@libero.it;
Fraolina;Gentilini;;;
Petrina;De Santis;3484887959;desantis.pe@gmail.com;
;Mauro;3472321712;m4ur0-v1tucc10@hotmail.com;
Eulogio;;3487644128;eulogio45@hotmail.com;
Salute;De Simone;3480031667;;
Crescenziano;Tioni;3496581470;crescenziano69@hotmail.com;
Aviero;Zamberlan;;4v1.z4mb3rl4n@libero.it;
Meme;Nicastro;3490110528;;
Achille;Infante;+393494502584;;
;Harroud;3457228206;harroud@hotmail.com;
Agnieszka Irena;Crognale;+393450619727;agnieszkairena86@alice.it;
Ferigo;Orlando;3450380483;;
Gagliano;Fiumi;;3lk44b44rm1t-rug13r0@hotmail.it;
Orida;;3499990588;orida.fortini@tim.it;
Ferrando;Castagnoli;;castagnoli17@tim.it;
Nennella;Attendoli;+393464158428;;
Macario;Niane;+393465239598;;
Leano;;3499346509;rossana68@hotmail.it;
Gogliardo;;+393466920627;;
Ermido;Rizzo;3498491660;;
Castenzio;;3465280732;ascenzio.pisacane@gmail.com;
Ultima;Battelli;+393488077867;m4ur0-v1tucc10@hotmail.com;
Leopolda;Abu;+393469988384;leopolda31@tim.it;
Effisio;Nini;3461133901;nini82@yahoo.com;
Osetta;;3481966302;1m3.g1urg0l4@alice.it;
;Napolitano;+393457624548;;
Nedina;Parravani;3456974634;;
Ildebrando;;3481662358;ildebrando@yahoo.com;
;Brunetti;3460285057;brunetti64@hotmail.it;
Neero;Burla;3464598624;n.burla@hotmail.com;
Marinella;Serban;3458828616;marinella05@yahoo.com;
Severio;Iatalese;3494172881;14t4l3s3.s3v3r10@hotmail.it;
Iconio;Russo;3452919808;iconio82@libero.it;
Iro;;3485151657;4sc4-gn4n1@alice.it;
;Tiglio;3460134299;ca-tiglio@yahoo.com;
Colomba;Sala;+393491568389;colomba.sala@tim.it;
Wladimiro;Tarozzi;3487644128;wladimiro.tarozzi@yahoo.com;
Ricordo;Trombino;3471727397;;
Elzeario;;3470201580;elze.tazzari@gmail.com;
Galgano;;3483946161;;
Dianella;;+393480632478;;
Bonacattu;Benedetti;3450442203;;
Pileria;Ferrarese;+393474056633;azzurra.zivkovic@yahoo.com;
Odiglia;De Simone;+393479426729;rita72@gmail.com;
Nilva;Milani;3491521714;1m3.g1urg0l4@alice.it;
Mea;Pracucci;3462288803;desantis.pe@gmail.com;
Dafni;;;;
Fiorigi;Valdinosi;3456841430;;
Aloisio;Haryadi;3481438370;haryadi97@yahoo.com;
Odabella;;3487935617;odabella-decataldo@gmail.com;
Fiorinto;;+393455046461;vitale83@gmail.com;
Odille;Vincenzi;3482389163;;
;De Matteo;3475611080;g10c0nd4-d3m4tt30@libero.it;
Antonia Ivanova;Zavoli;3478047759;anto-zavoli@virgilio.it;
Mea;Carbone;+393488077867;;
;Costa;3496620581;d3l4cruz-l4@tim.it;
Beato;Piga;3475655785;;
Deianira;;;;
Amalfo;Chaibi;3489598244;chaibi13@gmail.com;
Atea;Laita;+393458846429;laita30@tim.it;
Maudo;;;rinda@tim.it;
Ottenio;Dotti;3490489884;ottenio62@hotmail.com;
Fortura;Delgado;;;
;De Simone;3491575432;evina.bianchi@libero.it;
;Urbini;3482711966;urbini61@hotmail.com;
;Antosh;3499260724;3.g4ll1@tim.it;
Amantina;;3478523259;amantina07@libero.it;
Nicia;Clesceri;3493756058;n1c14-cl3sc3r1@virgilio.it;
Aldegonda;Callegarini;3465033080;1m3.g1urg0l4@alice.it;
Canziano;Harroud;+393457099383;harroud-canziano@tim.it;
Clizia;;;clizia13@virgilio.it;
;Hajji;;;
Ausonia;Rizzelli;+393457624548;ausonia.rizzelli@virgilio.it;
Ermagora;Di Mario;+393453690781;ermagora@libero.it;
;Guidi;3496558516;saverio86@gmail.com;
Lena;Vinciguerra;3497870981;lena65@hotmail.com;
Sandrino;;3482361098;bassano44@alice.it;
Natalizio;Corrado;+393472083839;eucherio-lasorda@virgilio.it;
;Bonn;+393499238334;lenio30@hotmail.com;
Roviero;Tarani;3454745840;fe-parisi@yahoo.com;
Goita;;3461824585;goita04@tim.it;
Adolfina;Sarpieri;3475241473;ermagora@libero.it;
;Paglia;3452586146;174559773@alice.it;
Marie Odette Rose;Bellaneve;3457371298;chicca96@yahoo.com;
Cosma;Di Renna;3477140940;brunetti64@hotmail.it;
Genesio;Caputo;3467259413;caputo.g@yahoo.com;
Cristofero;Milutinovic;3452053947;;
Ferro;;3458273626;elze.tazzari@gmail.com;
Zenovia Andreea;Hajji;;67996706@tim.it;
Florenzia;Piazza;+393481888927;piazza-f@alice.it;
Losanna;Lucani;;rossana68@hotmail.it;
Ennia;Colombo;3484583796;3nn1-c0l0mb0@gmail.com;
Mariomaria;;3477889782;;
Leonilda;Grassi;3482389163;;
;Muratori;3492828140;ado.muratori@alice.it;
Aristarco;Scipioni;+393465557236;sc1p10n1-4r1st4rc0@hotmail.it;
Elisea;Gatti;+393452976898;vannozzi28@gmail.com;
Ridha;Kosek;3482661208;coluccio52@tim.it;
Fausto;;3453291811;fausto-ahamed@alice.it;
Gonaria;;3499526999;go-jebrane@tim.it;
Palmina;;;p-romanibergonzo@libero.it;
Senofonte;Blasi;3497054305;blasi-senofonte@virgilio.it;
Carmelita;Di Pasquale;;0r0.sp0s4t0@virgilio.it;
Odorizia;Moretti;3465295125;4sc4-gn4n1@alice.it;
Ostiglia;Tabane;3465247814;998072@libero.it;
Giada;Capitani;3481130446;;
Nadiria;;+393483611446;rossana68@hotmail.it;
;Gamberini;+393453226898;gamberini24@virgilio.it;
Raimondina;Romeo;3476108103;;
Amedeo;Colombo;3497108649;ame.colombo@gmail.com;
;Avello;+393464158428;sc1p10n1-4r1st4rc0@hotmail.it;
Oronzino;Poni;3494833255;oronzino32@libero.it;
Napolino;Adorno;3495823340;napolino-adorno@libero.it;
Laudonia;Lopez;3476130446;rossi49@hotmail.com;
Lapo;;;ando29@virgilio.it;
Elviro;;+393489194584;4m3gl10-p0l1c4rp0@virgilio.it;
Sigisfrido;;3454117122;delgadillovargas14@tim.it;
Ottava;;3467312667;ottava31@gmail.com;
Urania;Vanni;3459894937;vanni.u@tim.it;
Atala;Azzarri;3469189791;4t4l4-4zz4rr1@yahoo.com;
Quintilla;;3477651292;;
Sileno;;+393499636635;;
Ernesto;;3469092765;67996706@tim.it;
Titina;;3465633662;go-jebrane@tim.it;
;Jaschke;;betsabea28@hotmail.com;
Eriana;;3482792850;avelio28@yahoo.com;
Augusto;Donatantonio;3458593743;vitalino60@yahoo.com;
Geo;Carullo;+393464905676;;
Badoglio;Mena;3468226947;mena.b@virgilio.it;
;Iatalese;3494736427;;
;Chiricozzi;3498422335;ottenio62@hotmail.com;
;Huaman Lopez;+393469107296;pietra50@virgilio.it;
;Frasca;+393478223902;amantina07@libero.it;
Berengaria;Mariani;3475951949;va-sipio@alice.it;
;Sebastiani;+393466833699;azzurra.zivkovic@yahoo.com;
Pasquita;Ahmed El Ghandor;+393473573265;pasquita32@virgilio.it;
Fannita;Di Marco;;dimarco-fannita@virgilio.it;
Amerina;Donati;3493675350;;
;Gatti;3461286369;bo-gatti@hotmail.it;
Ivano;Colonna;+393452842658;c0l0nn4.1v4n0@yahoo.com;
Loretto;Zanetti;3494305550;loretto-zanetti@yahoo.com;
Pazienza;Cheikh Talibouya;+393478071933;;
;Bragioto;;ores10@hotmail.com;
GesË˜;;+393455046461;gesë˜-coccia@tim.it;
Ludmilla;Felici;+393466141502;67996706@tim.it;
Celia;;3494012923;o.garofalo@tim.it;
;Sorrentino;3460453192;trofimena48@yahoo.com;
Ciriaca;Pastore;+393450229141;879625580@alice.it;
;Arlati;3454059953;ezechielle05@hotmail.com;
Lorano;;3456501678;dimarco-fannita@virgilio.it;
Regio;;3470201580;martinelli.re@tim.it;
Abelardo;;+393493804336;villa35@alice.it;
Redegonda;Antonelli;;harroud-canziano@tim.it;
Barsanofrio;Corraretti;3497816693;barsanofrio.corraretti@yahoo.com;
;Jagmin;+393460158693;salvadore91@gmail.com;
Pompilia;D'achille;;ducci52@hotmail.com;
Milko;;+393453660246;;
Cleria;Fontana;;parravani49@alice.it;
Amante;Cannizzaro;+393453775128;5223511@gmail.com;
Ermentino;;+393474104264;ermentino18@libero.it;
Wiera;;3475800583;wi.colonna@virgilio.it;
Oneda;Pierucci;3456974634;pierucci-oneda@libero.it;
Ansovino;;3464807122;ansovino90@libero.it;
Valleverde;;3473410465;valleverde23@tim.it;
;Colle;+393453726212;tranquillo.colle@alice.it;
Antenore;Carpi Marasco;3492457995;antenore52@virgilio.it;
Vitulia;;;mane-vitulia@alice.it;
Gualfardo;Errichetti;+393463477562;gabriella74@hotmail.it;
Metello;Berardi;3485890663;odorico24@alice.it;
Fridiana;Nurul;+393495959169;borghini@yahoo.com;
Stanislava;Perrone;+393492635222;urbini61@hotmail.com;
Albanino;Kellmann;3469013454;4lb4n1n0-k3llm4nn@virgilio.it;
Mino;Casali;+393483518120;;
Azelia;;+393498527698;orida.fortini@tim.it;
Marcolina;Pia;3494759608;;
Ordes;;3476046262;orella32@yahoo.com;
Mariateresa;;3496176959;mariateresa53@virgilio.it;
Lina;Ossati;3469733097;ossati-li@libero.it;
Novarro;;3475176005;no.bagnaia@hotmail.com;
Rizzano;Gigante;3494815426;18661962@libero.it;
;La Sorda;3480422536;v-dicarlo@libero.it;
Vivella;Moukrim;+393455247589;vivella28@libero.it;
Redentino;Cipollone;3480031667;cipollone70@gmail.com;
Fiorendo;;3498077080;assunta69@yahoo.com;
Romes;Marchetti;;ro-marchetti@libero.it;
Rosamunda;Rosata;3498424852;harroud@hotmail.com;
Fiolomena;Zeolla;3453923946;brunetti64@hotmail.it;
Filicina;Malagigi;3469274445;haryadi97@yahoo.com;
Bernardino;Williams;3476974200;bernardino43@hotmail.com;
Redemisto;Marra;3467573563;redemisto-marra@hotmail.it;
Immacolato;Sala;+393454834404;ossati-li@libero.it;
Nive;Fiadone;+393489375614;fiadone40@hotmail.it;
Defendo;Bellinzoni;3494701925;de.bellinzoni@hotmail.com;
Foschina;;+393452127034;decataldo.fo@hotmail.it;
Superia;Acunzo;;colomba.sala@tim.it;
;Alpi;;ro-alpi@gmail.com;
Fioravante;Trombino;3454523189;trombino.fioravante@yahoo.com;
Loretana;Sbreni;+393454834404;l-sbr3n1@libero.it;
Favilla;El Falaki;3485633448;wladimiro.tarozzi@yahoo.com;
Igildo;;3460597507;onero-fontanella@gmail.com;
Ebe;Tazzari;;ebe.tazzari@yahoo.com;
Deledda;Bello;3467889952;harroud-canziano@tim.it;
Ica;Meloni;3476425902;6691307@gmail.com;
Pantaleone;Dorascenzi;+393495025968;082376282@hotmail.it;
Argentino;;3462471695;4m4t0-4rg3nt1n0@yahoo.com;
Caterino;;3496626344;anto-zavoli@virgilio.it;
Eco;;3495755575;barsanofrio.corraretti@yahoo.com;
Olimpia;;3467793745;ceccaroni58@yahoo.com;
Rizzeri;;+393461488755;gesë˜-coccia@tim.it;
Imolo;Cangini;3453024187;imolo.cangini@virgilio.it;
Brunina;;+393491344032;cr0c3-bru@hotmail.it;
Sisinnio;;+393457551643;si.manzi@tim.it;
;Palatano;+393471189999;;
Lorenzano;Assal;3458300889;ame.colombo@gmail.com;
;Perrone;;v-dicarlo@libero.it;
Benedetto;;3471210480;;
Cesare;;3490191831;dematteo-cesare@hotmail.it;
Elsina;Filippelli;+393451420894;filippelli-elsi@alice.it;
;Terracciano;3481027634;malgorzatawieslawa80@virgilio.it;
Sergio Daniele;Galli;+393464394270;sergiodaniele@virgilio.it;
;Piras;3487366357;14t4l3s3.s3v3r10@hotmail.it;
;Bagnaia;;borghini@yahoo.com;
Egisto;;3483532359;egisto93@libero.it;
;Mamone;+393498061167;mamone@gmail.com;
;Meucci;+393490744596;mirello33@libero.it;
Ribello;Silvestri;+393454864669;erpidio85@gmail.com;
Morano;Saccone;3459668377;;
;Colongi;3470289678;;
Tiberio;;+393493181873;tiberio91@tim.it;
;Ruggiero;;nazaro@gmail.com;
Olelia;Grassi;+393451888136;olelia81@libero.it;
;Mazza;3456545131;4scl3p14d3-m4zz4@gmail.com;
Esuperio;Santini;3458134965;;
Arianna;Di Renna;3459668377;d1r3nn4.4r14nn4@alice.it;
;Cerilli;3463559899;villa35@alice.it;
Fiorilde;Caniglia;+393491491150;;
Silvino;Robbio;3481438370;anto-zavoli@virgilio.it;
Lorenzano;;3495521504;papaleo55@hotmail.com;
;Rainesi;3483282418;;
Cesco;;3465364820;cesco83@tim.it;
Brenna;Wally;3471727397;;
Dimma;Baiano;3474577889;dimma@hotmail.com;
Ingenuino;Parisi;+393467484538;ingenuino54@tim.it;
Giunto;Palumbo;3458346607;palumbo-g@gmail.com;
Clia;Caniglia;3482805380;caniglia.c@hotmail.com;
;Zinnamosca;3468658271;ascenzio.pisacane@gmail.com;
Golia;Lanzoni;+393474630191;golia90@tim.it;
Biasio;Ferrante;3454391289;;
Veneziano;Vannozzi;3482257778;olvino80@yahoo.com;
Gelsa;Montuori;3497837553;;
;Hushchyna;+393490468793;;
;Morelli;;orvietta-morelli@tim.it;
Maruzza;Basile;+393497999486;;
Edvigio;;3490983263;harroud-canziano@tim.it;
Florigia;Biondini;3461308992;f-biondini@virgilio.it;
Loisia;Freschi;3490778799;;
Ricco;Linzi;;linzi19@hotmail.com;
Quintilia;Zanelli;3467650366;;
Mirando;Zanella;+393469138080;39061159@gmail.com;
Oliviana;Kamal;+393496342782;oliviana.kamal@libero.it;
Sistilio;Parravani;3471116458;;
;Testa;+393477189031;ottava31@gmail.com;
Decima;Taurone;;ildebrando@yahoo.com;
;Vidanalage;;alteria@hotmail.it;
;Borkowska;+393487997598;nazaro@gmail.com;
;Minelli;;aiuto-minelli@alice.it;
Girardengo;;3483817296;;
Nicoletta;Di Pasquale;3479778189;dimarco-fannita@virgilio.it;
Rosangela;Alfano;3472982438;alfano.rosangela@virgilio.it;
;Pierucci;3489278238;pierucci78@yahoo.com;
Emerenzio;Rocchi;;vitalino60@yahoo.com;
Adalinda;;3494134305;paul39@tim.it;
Andretta;Wozniczka;3482655975;a-wozniczka@libero.it;
Esperia;Zanella;+393457384749;baingia.pracucci@virgilio.it;
Marica;Rebeccato;3488032559;mamone@gmail.com;
;Sepe;3489807473;erna.sepe@hotmail.it;
Norandino;;3490639155;;
Alberino;Donatantonio;3495645731;;
;Cerilli;+393468680119;p-f0rt1n1@hotmail.com;
Tersilio;Trombino;3482356766;;
Oto;;+393490560998;giobatta37@alice.it;
;Piras;3470173443;evarista-piras@tim.it;
Coletto;Cattaneo;3457851423;coletto88@libero.it;
Marinetta;;3494034164;;
Aminta;Mohammed;3482271980;;
Marcolina;Pello';3456501678;m4r0cch1n1.0l1@tim.it;
Rosio;;3450418086;si.manzi@tim.it;
;Nuti;3491242216;quadaltinoferini28@yahoo.com;
Mamerto;Frasca;3465939534;mamerto-frasca@hotmail.it;
;Infante;+393490857503;alfano.a@virgilio.it;
Trifona;Burla;3478412506;lena65@hotmail.com;
Fioriso;;3475588897;fioriso-donatini@tim.it;
Dato;Luzietti;;lena65@hotmail.com;
Celsino;;3463064007;1281328526@libero.it;
Gradisco;Sarpieri;3491999007;gradisco72@hotmail.com;
Ottimina;Bello;3493215238;bello-otti@alice.it;
Cesello;Tiranno;+393475843938;mariassunta-soldati@hotmail.com;
Oster;Santana Moscato;3464311962;s4nt4n4m0sc4t0-0@libero.it;
Giovannantonio;Trasforini;3496650507;giovannantonio76@gmail.com;
Olivero;Di Sipio;3478887229;;
Fiorita;Rucci;+393468081647;;
Elzo;;3469564384;elzo98@libero.it;
;Di Sipio;3478771442;disipio.emanuele@tim.it;
Lyubov;Ferro;+393451924195;;
Obizza;;3483129420;azzurra.zivkovic@yahoo.com;
Noviglio;Monaco;+393484919399;monaco-n@hotmail.it;
Folgore;Karim;3483884418;;
;De Peppe;;l-depeppe@virgilio.it;
Rinello;Franco;3450237246;;
Ciardo;;3469019464;ciardo58@virgilio.it;
Brunildo;Pelo;3483946161;elfalaki.alte@yahoo.com;
Rosarietta;Mugione;3490442162;azzurra.zivkovic@yahoo.com;
;Blasi;3468074990;blasi62@tim.it;
;Andruccioli;3484445745;ezzedine73@hotmail.it;
Libiana;;3497782696;libiana24@hotmail.com;
;Carrara;+393474757101;;
;Santini;3455201882;;
Dennis Idalo;Moiano;+393485728026;antenore52@virgilio.it;
Folgore;Vitali;3486409490;bassano44@alice.it;
Reziero;Tarnogrodzki;3487083004;wladimiro.tarozzi@yahoo.com;
;Sarpieri;;s4rp13r1-0c34n10@libero.it;
Savino;Brizi;;brizi40@hotmail.com;
Amberta;;3462743955;;
;El Kaaba Armit;+393466569088;elkaabaarmit59@gmail.com;
Olidio;;+393473763334;urbini61@hotmail.com;
Dalmazia;Aguila;3475859513;;
Utilio;Mucci;3499535089;utilio25@hotmail.it;
Over;Romeo;;over57@hotmail.com;
Leszek Zbigniew;Bushulli;3468182717;l3sz3kzb1gn13w.bushull1@hotmail.com;
;Metozzi;+393463278663;g4gl14rd1-4mbr0@yahoo.com;
Carlino;Rucci;3495817449;ca-rucci@yahoo.com;
Edilio;;+393483995792;;
Castolo;Urzo;+393476228120;nini82@yahoo.com;
Silvero;;3463269321;;
Aristodema;Ferro;3485397795;aristodema09@virgilio.it;
Torello;;3457742069;to.bentivegna@hotmail.com;
Fioranda;De Cataldo;3469092765;iconio82@libero.it;
Edipo;;3493756058;edi-zenina@yahoo.com;
;Abbondanza;3479753580;abbondanza-si@tim.it;
Manuel;;+393450541965;manuel92@alice.it;
Gigetto;;3466404692;fe.pellegrini@tim.it;
Lionetta;Tomassi;3487868676;;
Udilla;Costa;;u-costa@libero.it;
Faviana;Placidi;3462881496;f-placidi@gmail.com;
Oriella;Felici;3496666822;oriella-felici@alice.it;
;Jagmin;3492934726;utilio25@hotmail.it;
Pawel Rafal;Patwary;;o-russo@virgilio.it;
Clerio;Pasolini;3452700690;redemisto-marra@hotmail.it;
Carminuccio;Kellmann;3496731831;k3llm4nn.c@yahoo.com;
Teo;;;759906@virgilio.it;
Cammillo;;3490191831;;
Baldovino;Grimaldi;;baldari-g@hotmail.it;
Ioana;Poni;+393494779471;ioana13@virgilio.it;
Dilia;Angiuli;+393458487686;goita04@tim.it;
Palmazio;;+393489131626;palmazio18@hotmail.com;
;Mucci;+393482614635;reanto-mucci@virgilio.it;
Eccelso;Ciampaglia;;ciampaglia-eccelso@hotmail.com;
Giorgia;Coppola;3497335411;coppola82@libero.it;
Frumenzio;Policarpo;+393476840126;;
Filuccia;;;labella.f@tim.it;
Mariannina;;;mariannina-castagna@yahoo.com;
Attilio;Freschi;3477157886;freschi-atti@alice.it;
Jafet;;3499990588;ja.popescu@tim.it;
;Santini;+393468094358;anne-santini@yahoo.com;
Fidardo;Ianne;3498106327;f-ianne@virgilio.it;
Alberica;;3460169192;alberica66@tim.it;
Bruto;Antosh;3454895453;bru.antosh@alice.it;
Marcuccia;Cirillo;3490639155;cirillo@virgilio.it;
Pasquina;Laita;;laita81@gmail.com;
Elbana;;;disanto54@gmail.com;
Michelina;Angelicchio;3489828162;michelina-angelicchio@hotmail.it;
Floralba;Pello';3460175242;pello-f@libero.it;
Ileano;Conti;3490488207;13018453@yahoo.com;
Orelma;Poli;3494192572;poli33@tim.it;
;Poni;3465331876;879625580@alice.it;
Onora;Sartori;;;
Karen Cortez;Haryadi;3469092765;assunta69@yahoo.com;
Tilio;;3463535155;;
;Harasymiuk;+393464630418;va-sipio@alice.it;
;Croce;+393492548368;sergiodaniele@virgilio.it;
Mennato;;;sorrentino37@libero.it;
;Mincuzzi;3479184385;mincuzzi94@alice.it;
Maria Rosaria;Sanna;+393451043208;sanna-mariarosaria@libero.it;
Manasse;Lucchi;3462387447;;
Annunziato;Grossi Pavia;+393461128807;grossipavia-annu@alice.it;
Augusto;Passitto;3458760618;augusto67@hotmail.it;
Nicolantonio;Fontanilla;+393482395345;;
Redento;;3468045659;primiera93@hotmail.it;
Onidia;;+393498970690;onidia21@hotmail.com;
Alidea;;3497816693;alidea61@gmail.com;
Filadelfio;Wozniak;3490873072;;
;Dorascenzi;+393468314996;oliviana.kamal@libero.it;
Luisita;;3474467647;luisita29@alice.it;
Claudina;Buccolieri;+393466730690;bucc0l13r1-cl4@tim.it;
Quieta;Callegarini;+393492724128;6691307@gmail.com;
Consolino;Filippelli;3481122349;baldari-g@hotmail.it;
Linuccio;;3480036817;1144825364@yahoo.com;
Arzenio;Lelli;+393453430841;arze-lelli@virgilio.it;
Liduina;Wilmer;3484252324;alfano.rosangela@virgilio.it;
Fabbiola;;3462881496;;
Olandina;Canichella;3455916433;;
Elettro;;3484905667;elettro11@libero.it;
Arge;;3481541636;arge-vidanalage@libero.it;
Africano;Covato;3494759608;amarillide-cagnotti@gmail.com;
Alghero;;+393492730669;a.zamberlan@libero.it;
Dalma;;3472569304;giovannantonio76@gmail.com;
;Lucchesini;;d.hajji@libero.it;
Donatangelo;Balice;+393462290280;;
Orfilia;Accadia;+393473891972;orfilia63@virgilio.it;
Elva;;3452014692;elva@virgilio.it;
Finisio;Bruni;+393465133801;fi-bruni@libero.it;
Velmo;Perrone;3472971856;ado.muratori@alice.it;
Feanna;Rossetti;3468679396;loretto-zanetti@yahoo.com;
Valenzo;;;d3s4nt1s.v4@alice.it;
Fanciullo;;+393455981778;sp0s4t0.f4nc1ull0@libero.it;
Leonello;;3453419219;leonello41@gmail.com;
;Chiricozzi;3496626344;emina-decataldo@gmail.com;
Giommaria;Zamberlan;3483159559;07330222@hotmail.it;
Sempliciano;Chiricozzi;;s3-ch1r1c0zz1@hotmail.it;
Benilda;Benedetti;+393493356598;;
Ciccio;;3477394785;p-romanibergonzo@libero.it;
Filadelfia;Eichenberger;3492069349;4scl3p14d3-m4zz4@gmail.com;
Antigono;;3486707248;erpidio85@gmail.com;
Antenore;;3450515360;elze.tazzari@gmail.com;
Gismonda;;+393489450864;0r0.sp0s4t0@virgilio.it;
Giancarla;Piro;+393498079058;giancarla35@virgilio.it;
Agilulfo;;3492223193;;
;Forcina;3486409490;corinno02@gmail.com;
Nelide;;3450731491;sepe.ne@yahoo.com;
MacallÃ‹;Catalano;3498786774;macallã‹35@tim.it;
;Hajji;3461691305;betta63@yahoo.com;
Concessa;Fossaroli;;ascenzio.pisacane@gmail.com;
Savio;;;patruno72@libero.it;
Sebastiano;;3476974200;;
;Giura;;giura13@libero.it;
Europea;Kellmann;3468986915;everardo.mahu@hotmail.com;
Ardolino;;3483476208;831861474@virgilio.it;
Lubiano;;;scipioni-l@libero.it;
Leonorio;Sementilli;;sementilli35@alice.it;
Oresta;Pagano;+393467782950;18661962@libero.it;
Argimiro;Ricci;3492812231;argi-ricci@hotmail.com;
Denisa Elena;Quartarone;+393465133801;;
Cristanziano;Nuti;3472311340;wi.colonna@virgilio.it;
;Piga;3468888048;;
Parda;Colongi;3462790013;colongi-pa@gmail.com;
Biagina;Gromala;+393455735646;o.garofalo@tim.it;
Ulpia;Maldini;3496522351;maldini-ulpi@yahoo.com;
Moreno;;+393465354977;boes31@hotmail.it;
Scolastico;;+393491491150;apreda75@alice.it;
;Kellmann;;monti-ori@gmail.com;
Arcadio;Ruggieri;;elkaabaarmit.io@hotmail.com;
Giovenzio;De Florio;+393454809359;orvietta-morelli@tim.it;
;Lopez;+393475249977;ottava31@gmail.com;
;Sartori;+393463891332;bernardino43@hotmail.com;
Oddino;Burla;+393460478243;vitale83@gmail.com;
Gradisca;Renzulli;3495445932;;
Fioravantina;;3482609292;;
Rubens;Alam;3486423240;iconio82@libero.it;
Spiridiona;Valente;3457239273;spiridiona83@gmail.com;
;Domenicali;3463325831;0-d0m3n1c4l1@hotmail.com;
Fride;;+393453131451;fe.pellegrini@tim.it;
;Linzi;3475129237;n-linzi@hotmail.com;
Telesfero;Kazi;3497870981;go-jebrane@tim.it;
Elisea;D'alessandro;+393484290839;;
Anca;Ahamed;+393481890441;pierucci-oneda@libero.it;
Sandro;;+393480101272;;
Orfello;;+393457328088;orfello19@hotmail.it;
Poldino;Zamberlan;+393465886019;zamberlan56@yahoo.com;
Onorabile;Trasforini;3478937695;ermagora@libero.it;
;Moschetti;+393471192449;m0sch3tt1-0st1@gmail.com;
;Severi;3458134965;;
Ligia Camelia;Huaman Lopez;3483233562;ligiacamelia66@gmail.com;
Bertilla;;+393459610746;urbini61@hotmail.com;
Egizio;Pelo;+393461908702;3-p3l0@alice.it;
Almerina;;3466389688;fi-bruni@libero.it;
;Iacobelli;3491470160;;
;Minestrini;3458319034;minestrini54@tim.it;
Giovanna;Farazi;+393477903002;giovanna19@hotmail.it;
;Iacoangeli;3473228112;massimiliana43@virgilio.it;
Erildo;Vanni;3456865469;;
Felinda;Malagigi;+393472006047;;
Sirio;Farina;+393453705221;s1r10.f4r1n4@virgilio.it;
Desidera;Mattioni;3453755806;;
Alexandre;Mohammed;;;
;Russo;3499346509;g.russ0@virgilio.it;
;Polyzopoulos;+393487545265;;
Rando;Di Pasquale;+393474026329;r.dipasquale@hotmail.com;
Rodi;Clesceri;3496731831;fi-bruni@libero.it;
;Lanzoni;3451095646;quindalina.lanzoni@virgilio.it;
Leto;Guaman;+393455500168;3nn1-c0l0mb0@gmail.com;
Mileda;;+393453430841;m1l3d4-n3r1@libero.it;
Priama;;3494071346;basile19@alice.it;
Realdina;Borrelli;3499503282;r.borrelli@virgilio.it;
Ormina;;3484358971;o.gatti@alice.it;
Mite;Ferri;3464384481;;
;Cenciarelli;;clizia13@virgilio.it;
Castorina;Laurenti;3466698437;;
Odorizia;Lazazzera;3472632474;avelio28@yahoo.com;
Fornarina;;;chicca96@yahoo.com;
;Bento Da Silva;+393492157785;olelia81@libero.it;
;Linzi;3462211307;fi-bruni@libero.it;
Ortolana;;+393464541208;mezzogori-ortolana@tim.it;
Riccieri;Caniglia;+393484745167;;
Biblide;;3458953586;;
Marsiglio;;+393479000215;marsiglio-scipioni@hotmail.com;
Konrad;Romano;3458593743;ervino-curcio@hotmail.it;
;Iachini;;;
Febbronia;Nini;+393499238334;;
Ferigo;Zaccaria;3491999007;go-jebrane@tim.it;
Gagliano;Vella;3494656958;gagliano-vella@tim.it;
Ornina;Pasolini;3457033006;ligiacamelia66@gmail.com;
Agatino;;3456000700;edi-zenina@yahoo.com;
Ottino;Vannozzi;+393479364438;rita72@gmail.com;
Matrona;De Simone;+393486230308;;
;Marra;+393496956502;ermagora@libero.it;
Cicito;Bernardi;3494172881;cicito40@tim.it;
;Botnariu;3495394786;;
Gerbina;Wirth;3478934319;g3rb1n4-w1rth@alice.it;
Ina;Pompili;+393496668848;i.pompili@yahoo.com;
Pasqualino;;3469187535;79713906034@virgilio.it;
Eudosia;Massa;;;
Osilia;Tabane;;egisto93@libero.it;
Quintalino;Colle;+393488585607;;
Orisma;Labella;+393479127224;labella.o@virgilio.it;
Rebecca;Mauro;+393467779686;rebecca68@hotmail.com;
Stana;;+393464037185;0-d0m3n1c4l1@hotmail.com;
Eutropio;;3499858921;;
Uliva;Emumwen;3475885629;uliva@tim.it;
Svezia;D'achille;3495823340;ado.muratori@alice.it;
Tertulliano;;3478833315;;
;Pompili;;aldegardo@gmail.com;
Genisio;Agostini;3465202276;tranquillo.colle@alice.it;
;Guerra;3492667567;;
Steno;Bento Da Silva;3452327356;ste.bentodasilva@hotmail.it;
Nerella;Parravani;+393451872540;;
Eriano;;+393475750935;orfilia63@virgilio.it;
Eulogio;Iacoangeli;3493409680;iacoangeli-eu@alice.it;
Anselmo;;3495817449;anse.bonn@tim.it;
;Sorrentino;;gaudio@gmail.com;
Faisa;;3492694201;faisa07@hotmail.com;
Aldovino;Baldinotti;;a.baldinotti@yahoo.com;
Finuzza;Giorgetti;+393455829914;giorgetti-finuzza@tim.it;
Egeo;Zeolla;;zeolla@alice.it;
Morosina;Mincuzzi;+393457099383;;
Smeralda;Bencivenga;3496731831;odabella-decataldo@gmail.com;
Emanuela;Massa;3480624751;ema-massa@yahoo.com;
;Zinnamosca;+393487869250;bo-gatti@hotmail.it;
Favilla;;3476974200;urbini61@hotmail.com;
Esuperia;Di Mario;;esuperia10@yahoo.com;
Ober;Bellinzoni;3480883229;;
Regino;Massa;3460968461;;
Sirino;Lippi;3495760671;s1r1n0.l1pp1@virgilio.it;
Ghino;Planta;3496409207;g-planta@gmail.com;
Telio;Adorno;3482689494;0607247@gmail.com;
Zana;;3453835813;za.porcu@alice.it;
Annibalina;Massa;3450917108;erna.sepe@hotmail.it;
Rossella;Callegarini;3460673054;rossella-callegarini@alice.it;
Chiaretta;Trasforini;3477923474;orfella44@gmail.com;
;De Florio;+393462312758;deflorio98@yahoo.com;
Odette;Capanna;+393496398628;orvietta-morelli@tim.it;
Sperdina;Tomassi;3498567837;s-tomassi@tim.it;
Orsio;Cardinetti;;;
Secondina;;3456999970;secondina10@yahoo.com;
Ostello;De Sterlich;+393470617567;m4r0cch1n1.0l1@tim.it;
Nivo;Iacobelli;3479901410;iacobelli-n@yahoo.com;
Rosmino;Tufano;+393450425022;r0-tuf4n0@alice.it;
;Proietti;3477880858;benitodario03@hotmail.com;
Ilaria;Botnariu;+393476960785;;
Celino;;+393454980880;;
Matilde;;3465722666;matilde@hotmail.com;
Fedelino;Lunerti;3476233758;andruccioli-grato@libero.it;
Anellino;;3484636722;c0l0nn4.1v4n0@yahoo.com;
;Bartolucci;;;
;Sementilli;3459833696;;
;Serban;3463890672;oriella-felici@alice.it;
Olinto;Lecca;+393483311232;olinto@tim.it;
;Mascali Zeo;+393468363718;eliberto-mascalizeo@gmail.com;
Europa;;3463658121;;
Ascensa;;3480663102;ausonia.rizzelli@virgilio.it;
Galdina;Anklin;3495210816;g-anklin@gmail.com;
Alderico;Abbondanza;3474513608;pinna-r@hotmail.com;
Longino;;3454820815;wladimiro.tarozzi@yahoo.com;
;Pulsoni;3494495108;aspromonte@yahoo.com;
;Fontana;3476145149;fontana-fre@gmail.com;
Raffaele;Corraretti;3489327613;olivino45@alice.it;
Zanina;;+393450874418;balloni42@alice.it;
Ada;;3454736834;ada64@yahoo.com;
Almerinda;;3452987535;;
Mimo;;3490213884;m1-p14zz4@hotmail.com;
;Marata;;ildebrando@yahoo.com;
Ariosta;;3483345931;ariosta.vella@gmail.com;
Denise;Borkowska;3473789749;borkowska.denise@hotmail.com;
;Carucci;3475826643;ma-carucci@libero.it;
Noemi;Cichon;3463112918;mamone@gmail.com;
Omobono;Fortini;;omo-fortini@hotmail.com;
Palmarino;Cecere;+393491380739;cecere64@hotmail.it;
Dolcina;Infante;3455884177;1nf4nt3-d0lc1n4@virgilio.it;
Aduana;;+393451241940;;
Cesino;;3469994718;;
;Pinna;+393476259458;0-d0m3n1c4l1@hotmail.com;
Settimio;Borgatwohlbang;;borgatwohlbang.settimio@yahoo.com;
;Giuliani;;coletto88@libero.it;
Varnero;Guaman;3492457995;;
;Cauteruccio;3472866624;m1-p14zz4@hotmail.com;
Primizio;Galotti;3471842747;;
;Frasca;3478782122;25275662@tim.it;
Brandisio;;3484767685;brandisio81@gmail.com;
Olvia;;3484502779;olvia02@gmail.com;
;Capone;3483319806;rebecca.capone@gmail.com;
Brunetto;Muratori;3457722531;;
Gualfardo;Disabato;+393482160733;mamone@gmail.com;
Filinto;;3479130126;palumbo-g@gmail.com;
Gasparina;Potalivo;+393460478243;aloise91@hotmail.it;
Rocca;Scardone;3482711966;;
Ferino;;3497229082;debacco-fe@hotmail.com;
Gelso;Disabato;+393470969362;decataldo.fo@hotmail.it;
Savoia;El Kaaba Armit;3450237246;;
Nildo;Sanges;3473339645;borghini@yahoo.com;
Rodolfina;;+393494690188;trofimena48@yahoo.com;
Fidalba;Ferraro;+393488972331;ioana13@virgilio.it;
;Barruga;3479635581;brandisio81@gmail.com;
Rubeno;Piro;3475609630;r.p1r0@gmail.com;
Osvego;;3479121337;popescu.o@gmail.com;
Riziere;Steffenoni;;fioriso-donatini@tim.it;
Odemia;;3488668577;odemia26@alice.it;
Ruggerina;Ciarla;3486893002;;
Ion Florin;;+393490518028;io.niane@alice.it;
Felicetta;Bassani;+393473763334;f3l1c3tt4-b4ss4n1@libero.it;
Frazia;;+393491040016;;
Marchisio;;3469303966;ste.bentodasilva@hotmail.it;
Teodorino;Donnhauser;;teodorino@yahoo.com;
Scevola;;+393464394270;scevola46@virgilio.it;
Ernando;;3461935340;159467171@yahoo.com;
;Morelli;3454523189;ole.brunetti@alice.it;
Astero;;;;
Ormisde;;3492298319;ormisde98@gmail.com;
Adelaide;Colli;3450380483;l-sbr3n1@libero.it;
Agazia;;3495864914;monaco-n@hotmail.it;
Benedetto;Silvestri;3454938542;imolo.cangini@virgilio.it;
Leoparda;Gallo;3458492011;leoparda@yahoo.com;
Amoroso;;+393455846222;;
Stanislaw;;3499651809;k3llm4nn.c@yahoo.com;
Odissea;;3475855917;forcina94@libero.it;
;Zurzolo;3490374625;pierucci-oneda@libero.it;
Isolina;;3485383049;be-diacetti@hotmail.com;
;Santoro;3484872767;santoro12@gmail.com;
Sabina;Caniglia;3466076211;s.caniglia@alice.it;
Gigia;Romani Bergonzo;3495253004;sanna-mariarosaria@libero.it;
Augusta;Malagigi;3471080598;;
;Stazzone;3497363553;stazzone97@tim.it;
Paziente;Filipek;3477921832;p-filipek@hotmail.com;
;Zeolla;3450997700;wi.colonna@virgilio.it;
Sankhare;;3475801246;i.ricci@alice.it;
Rivo;Vidanalage;+393473233032;vidanalage58@virgilio.it;
;Frasca;3472107986;frasca96@yahoo.com;
Leno;Ruggiero;3480067295;l.ruggiero@virgilio.it;
Morina;;3493999578;ardingo@yahoo.com;
Amelino;Zeolla;;zeolla.a@tim.it;
Marino;De Cataldo;3482997260;sanna-mariarosaria@libero.it;
Osia;De Santis;3498110002;6691307@gmail.com;
Wulmaro;;3497540926;wulmaro47@hotmail.com;
Allegra;Minuz;3460782246;zea71@alice.it;
Calista;;3450027167;;
;De La Cruz;;abdenago34@yahoo.com;
Fedorina;;3451624249;lunerti93@hotmail.it;
Rottilio;;+393474501543;;
;Charaf;3453397894;;
Vario;Casadei;3491642596;bucc0l13r1-cl4@tim.it;
;Bazhanova;3468045659;zea82@alice.it;
;Farina;3472799210;farina-f@virgilio.it;
Zoraido;;+393468809720;z0-luz13tt1@hotmail.it;
Elzo;;;elzo00@tim.it;
Oslavia;Pinna;+393456509631;forcina94@libero.it;
;Rimoldi;3456441812;;
Basilea;Fortini;3493343585;basilea@alice.it;
Morella;Antonelli;3485856270;morella60@alice.it;
Tommasino;;3468045659;sementilli35@alice.it;
Errica;Burla;+393482778200;olvia02@gmail.com;
Yvonne;Pongetti;3450442203;90933481229@libero.it;
Magdalo;;+393486711622;magdalo-pucciotti@hotmail.it;
Beltrame;Giorgetti;3460134299;b.giorgetti@tim.it;
;Casella;3460372642;michelangelo24@tim.it;
Deianira;Grasso;+393467246863;grasso-deianira@libero.it;
Denisio;Fortini;3458174121;d-fortini@hotmail.com;
Favorita;Jebrane;3494484943;favorita34@gmail.com;
Gertrude;Acunzo;3482629660;ge-acunzo@virgilio.it;
Matildio;Gentili;3492988839;759906@virgilio.it;
;Galli;+393475750935;0-d0m3n1c4l1@hotmail.com;
Aduo;Cerilli;;aduo12@tim.it;
Ricciardetto;Brambilla;3460166328;brambilla-r@yahoo.com;
;Accadia;3462211307;ligiacamelia66@gmail.com;
Remina;Giurgola;3483180457;remina62@alice.it;
Dorando;;3450160576;d-moiano@hotmail.com;
Roselino;Di Stefano;;r-distefano@gmail.com;
Elidia;Chaibi;+393495933584;;
Reto;Lelli;3471195995;reto83@virgilio.it;
;Carbone;;carbone.gre@hotmail.com;
Alvisa;Tiranno;3461512783;napolino-adorno@libero.it;
Amabilia;Di Ruzza;3460380140;ama.diruzza@hotmail.com;
;Donatantonio;+393495725264;salvadore91@gmail.com;
Amodia;;3459506954;amo-tufano@yahoo.com;
Marilena;Trasforini;;m4r1l3n4.tr4sf0r1n1@gmail.com;
Guelfa;;3484096163;guelfa-gentile@hotmail.it;
Anellina;Monaco;3470174414;;
Firio;;+393485710336;firio.coluccio@alice.it;
Basilea;;3454702809;palumbo-g@gmail.com;
;Ciampaglia;3497086143;zefira-ciampaglia@hotmail.it;
Ippazia;Buongrazio;3450451889;1-bu0ngr4z10@tim.it;
Urbano;Andruccioli;3466877890;u.4ndrucc10l1@virgilio.it;
Felicino;Romeo;3474252825;felicino.romeo@gmail.com;
;Di Mario;+393454770325;dimario12@libero.it;
Linuccia;;+393478425947;mattioni59@hotmail.it;
