TELEFONO;EMAIL;NOME;COGNOME
3478405335;salvadora69@hotmail.com;Salvadora;Charaf
3481557120;gaiello@gmail.com;Grazina;Aiello
3485595164;romolo31@libero.it;Romolo;Caraballo
3496732334;s4-p4r1n1@yahoo.com;Savia;Parini
3476785052;desdemona.simoni@libero.it;Desdemona;Simoni
3467651340;pandolfo96@virgilio.it;Pandolfo;Marino
3479674681;ermite04@hotmail.com;Ermite;Casali
3461943309;l-fontana@virgilio.it;Luisetto;Fontana
3493381868;idalco-tosolini@alice.it;Idalco;Tosolini
3498898556;anna-piro@hotmail.com;Annalaura;Piro
3471011769;rodomonte60@gmail.com;Rodomonte;Pereira de castro
3494080082;pascale15@libero.it;Venceslao;Pascale
3478365809;m.lippi@yahoo.com;Magdala;Lippi
3462707857;giovanmaria57@hotmail.com;Giovanmaria;Gatti
3495445444;g3pp1n0.b4gn4t0@virgilio.it;Geppino;Bagnato
3460914196;filimena84@yahoo.com;Filimena;Capitani
3486495662;europa-zavalloni@hotmail.it;Europa;Zavalloni
3460745757;yjyblnutqjdxlbd@yahoo.com;Nazzarena;Panchetti
3487387361;rizzi@gmail.com;Vinicia;Rizzi
3471960384;ivaldodi_mario@libero.it;Ivaldo;Di mario
3459404562;pr1m14bu0ngr4z10@hotmail.it;Primia;Buongrazio
3486316579;laurenti98@gmail.com;Lorito;Laurenti
3473624868;quartarone.bi@libero.it;Biancardo;Quartarone
3454386924;jwefvstictpche@yahoo.com;Aderito;Farina
3475713454;navarro93@virgilio.it;Navarro;Verastegui pereyra
3461231289;coppola78@alice.it;Filira;Coppola
3487581788;roaldo93@virgilio.it;Roaldo;Cagnotti
3499598617;jagmin94@alice.it;Wilelma;Jagmin
3489186774;narciso.de_simone@virgilio.it;Narciso;De simone
3498212686;mauro70@yahoo.com;Lico;Mauro
3486635974;givalentini@gmail.com;Gilla;Valentini
3464041049;fontanella@alice.it;Ardita;Fontanella
3477345474;ermano18@gmail.com;Ermano;Fiumi
3490724388;noyoikameuv@virgilio.it;Fenina;Fralassi
3499715171;vemonti@tim.it;Velio;Monti
3451598730;astra30@gmail.com;Astra;Rimoldi
3483817388;palatano92@libero.it;Eridanio;Palatano
3451507854;ddfwuvpcoixexeavttaf@alice.it;Alferio;Balice
3473042286;e.borrelli@alice.it;Egiziaca;Borrelli
3492197136;stelvia32@libero.it;Stelvia;Lelli
3465117446;el1r0s4t4@yahoo.com;Elido;Rosata
3486295967;baldi34@tim.it;Livinio;Baldi
3454864630;gianluigia67@tim.it;Gianluigia;Abu
3457700396;concettino-cagnotti@libero.it;Concettino;Cagnotti
3451372385;plagiorgetti@virgilio.it;Plautilla;Giorgetti
3484281709;denisa_elenakamal@virgilio.it;Denisa elena;Kamal
3460866777;valente-alde@tim.it;Aldezza;Valente
3496131957;irvano00@tim.it;Irvano;Fralassi
3494400323;de_sterlich-fenina@hotmail.it;Fenina;De sterlich
3478910797;nedio42@gmail.com;Nedio;Franco
3487508417;sanna.femo@hotmail.com;Femo;Sanna
3467680279;piranucci@alice.it;Pio;Ranucci
3464516071;zinnamosca37@hotmail.it;Eschilo;Zinnamosca
3486900155;romani_bergonzo67@hotmail.com;Piermarco;Romani bergonzo
3494557278;fe-marocchini@gmail.com;Fedro;Marocchini
3496838067;fiordalbadi_marco@libero.it;Fiordalba;Di marco
3480282583;vvmmmqafxprmagns@tim.it;Lottario;Popovici
3464560181;edmonda50@yahoo.com;Edmonda;Rosato
3455003190;pal_ionut@hotmail.it;Eddo;Pal ionut
3470573990;brun4-t30d0r4n1@gmail.com;Bruna;Teodorani
3485397463;moianov@tim.it;Violo;Moiano
3479768574;mostefanovich@tim.it;MosË;Stefanovich
3464441137;uguccione-balice@gmail.com;Uguccione;Balice
3483931996;cavaterra07@virgilio.it;Amleto;Cavaterra
3451283739;ro-cusin@yahoo.com;Rossino;Cusin
3486485940;ama-carrara@hotmail.it;Amato;Carrara
3471369350;arsi.ranfi@gmail.com;Arsilia;Ranfi
3471882061;gromala.liborio@yahoo.com;Liborio;Gromala
3499937154;z4n3ll1m4nl10@hotmail.com;Manlio;Zanelli
3473515879;olemozito@alice.it;Olemo;Zito
3463835163;lcvgooy@libero.it;Simmaco;Bruni
3463328963;v-cauteruccio@libero.it;Venanza;Cauteruccio
3498276081;isonza68@yahoo.com;Isonza;Donatini
3470740797;disolinaverastegui_pereyra@alice.it;Disolina;Verastegui pereyra
3465777657;de_santis-mondino@hotmail.com;Mondino;De santis
3479096763;toso99@tim.it;Simmaco;Toso
3472967369;glopez@gmail.com;Gasparre;Lopez
3464712724;wa.huaman_lopez@virgilio.it;Waldemaro;Huaman lopez
3481062390;gr3c0-p@alice.it;Pier andrea;Greco
3450359382;amerindo.ceccarelli@alice.it;Amerindo;Ceccarelli
3482773172;zurzolo.c@hotmail.it;Calcedonia;Zurzolo
3480267133;miralda09@tim.it;Miralda;Fossaroli
3453052448;cangini-s@yahoo.com;Seleno;Cangini
3468490726;mildetaifi@yahoo.com;Milde;Taifi
3478173139;liliano29@hotmail.com;Liliano;Mincuzzi
3492093161;roldo06@hotmail.com;Roldo;Orlando
3499567175;eda-narducci@virgilio.it;Eda;Narducci
3471279423;modesta.pinna@hotmail.com;Modesta;Pinna
3464046757;matteotti50@gmail.com;Matteotti;Tazzari
3462495992;zak.lina@hotmail.it;Lina;Zak
3477703268;policarpo@alice.it;Eracleo;Policarpo
3492450717;f0.sp0l3t1n1@hotmail.it;Foca;Spoletini
3494133107;xaszyyzzua@libero.it;Marietto;Moukrim
3480411102;vi.pagano@libero.it;Vicenzo;Pagano
3473983231;orviano27@virgilio.it;Orviano;Amato
3461837226;antiococarina@hotmail.com;Antioco;Carina
3488214341;scjmwwvxcakzvthdnwe@yahoo.com;Violanda;Sala
3487215438;m4sgr1gn4@alice.it;Mariannino;Sgrigna
3494544278;zi.pelo@tim.it;Zilia;Pelo
3457229058;fredesvinda46@yahoo.com;Fredesvinda;GiulianiCOGNOME;NOME;EMAIL;TELEFONO;
"Charaf";"Salvadora";"salvadora69@hotmail.com";"3478405335"
"Aiello";"Grazina";"gaiello@gmail.com";"3481557120"
"Caraballo";"Romolo";"romolo31@libero.it";"3485595164"
"Parini";"Savia";"s4-p4r1n1@yahoo.com";"3496732334"
"Simoni";"Desdemona";"desdemona.simoni@libero.it";"3476785052"
"Marino";"Pandolfo";"pandolfo96@virgilio.it";"3467651340"
"Casali";"Ermite";"ermite04@hotmail.com";"3479674681"
"Fontana";"Luisetto";"l-fontana@virgilio.it";"3461943309"
"Tosolini";"Idalco";"idalco-tosolini@alice.it";"3493381868"
"Piro";"Annalaura";"anna-piro@hotmail.com";"3498898556"
"Pereira de castro";"Rodomonte";"rodomonte60@gmail.com";"3471011769"
"Pascale";"Venceslao";"pascale15@libero.it";"3494080082"
"Lippi";"Magdala";"m.lippi@yahoo.com";"3478365809"
"Gatti";"Giovanmaria";"giovanmaria57@hotmail.com";"3462707857"
"Bagnato";"Geppino";"g3pp1n0.b4gn4t0@virgilio.it";"3495445444"
"Capitani";"Filimena";"filimena84@yahoo.com";"3460914196"
"Zavalloni";"Europa";"europa-zavalloni@hotmail.it";"3486495662"
"Panchetti";"Nazzarena";"yjyblnutqjdxlbd@yahoo.com";"3460745757"
"Rizzi";"Vinicia";"rizzi@gmail.com";"3487387361"
"Di mario";"Ivaldo";"ivaldodi_mario@libero.it";"3471960384"
"Buongrazio";"Primia";"pr1m14bu0ngr4z10@hotmail.it";"3459404562"
"Laurenti";"Lorito";"laurenti98@gmail.com";"3486316579"
"Quartarone";"Biancardo";"quartarone.bi@libero.it";"3473624868"
"Farina";"Aderito";"jwefvstictpche@yahoo.com";"3454386924"
"Verastegui pereyra";"Navarro";"navarro93@virgilio.it";"3475713454"
"Coppola";"Filira";"coppola78@alice.it";"3461231289"
"Cagnotti";"Roaldo";"roaldo93@virgilio.it";"3487581788"
"Jagmin";"Wilelma";"jagmin94@alice.it";"3499598617"
"De simone";"Narciso";"narciso.de_simone@virgilio.it";"3489186774"
"Mauro";"Lico";"mauro70@yahoo.com";"3498212686"
"Valentini";"Gilla";"givalentini@gmail.com";"3486635974"
"Fontanella";"Ardita";"fontanella@alice.it";"3464041049"
"Fiumi";"Ermano";"ermano18@gmail.com";"3477345474"
"Fralassi";"Fenina";"noyoikameuv@virgilio.it";"3490724388"
"Monti";"Velio";"vemonti@tim.it";"3499715171"
"Rimoldi";"Astra";"astra30@gmail.com";"3451598730"
"Palatano";"Eridanio";"palatano92@libero.it";"3483817388"
"Balice";"Alferio";"ddfwuvpcoixexeavttaf@alice.it";"3451507854"
"Borrelli";"Egiziaca";"e.borrelli@alice.it";"3473042286"
"Lelli";"Stelvia";"stelvia32@libero.it";"3492197136"
"Rosata";"Elido";"el1r0s4t4@yahoo.com";"3465117446"
"Baldi";"Livinio";"baldi34@tim.it";"3486295967"
"Abu";"Gianluigia";"gianluigia67@tim.it";"3454864630"
"Cagnotti";"Concettino";"concettino-cagnotti@libero.it";"3457700396"
"Giorgetti";"Plautilla";"plagiorgetti@virgilio.it";"3451372385"
"Kamal";"Denisa elena";"denisa_elenakamal@virgilio.it";"3484281709"
"Valente";"Aldezza";"valente-alde@tim.it";"3460866777"
"Fralassi";"Irvano";"irvano00@tim.it";"3496131957"
"De sterlich";"Fenina";"de_sterlich-fenina@hotmail.it";"3494400323"
"Franco";"Nedio";"nedio42@gmail.com";"3478910797"
"Sanna";"Femo";"sanna.femo@hotmail.com";"3487508417"
"Ranucci";"Pio";"piranucci@alice.it";"3467680279"
"Zinnamosca";"Eschilo";"zinnamosca37@hotmail.it";"3464516071"
"Romani bergonzo";"Piermarco";"romani_bergonzo67@hotmail.com";"3486900155"
"Marocchini";"Fedro";"fe-marocchini@gmail.com";"3494557278"
"Di marco";"Fiordalba";"fiordalbadi_marco@libero.it";"3496838067"
"Popovici";"Lottario";"vvmmmqafxprmagns@tim.it";"3480282583"
"Rosato";"Edmonda";"edmonda50@yahoo.com";"3464560181"
"Pal ionut";"Eddo";"pal_ionut@hotmail.it";"3455003190"
"Teodorani";"Bruna";"brun4-t30d0r4n1@gmail.com";"3470573990"
"Moiano";"Violo";"moianov@tim.it";"3485397463"
"Stefanovich";"MosË";"mostefanovich@tim.it";"3479768574"
"Balice";"Uguccione";"uguccione-balice@gmail.com";"3464441137"
"Cavaterra";"Amleto";"cavaterra07@virgilio.it";"3483931996"
"Cusin";"Rossino";"ro-cusin@yahoo.com";"3451283739"
"Carrara";"Amato";"ama-carrara@hotmail.it";"3486485940"
"Ranfi";"Arsilia";"arsi.ranfi@gmail.com";"3471369350"
"Gromala";"Liborio";"gromala.liborio@yahoo.com";"3471882061"
"Zanelli";"Manlio";"z4n3ll1m4nl10@hotmail.com";"3499937154"
"Zito";"Olemo";"olemozito@alice.it";"3473515879"
"Bruni";"Simmaco";"lcvgooy@libero.it";"3463835163"
"Cauteruccio";"Venanza";"v-cauteruccio@libero.it";"3463328963"
"Donatini";"Isonza";"isonza68@yahoo.com";"3498276081"
"Verastegui pereyra";"Disolina";"disolinaverastegui_pereyra@alice.it";"3470740797"
"De santis";"Mondino";"de_santis-mondino@hotmail.com";"3465777657"
"Toso";"Simmaco";"toso99@tim.it";"3479096763"
"Lopez";"Gasparre";"glopez@gmail.com";"3472967369"
"Huaman lopez";"Waldemaro";"wa.huaman_lopez@virgilio.it";"3464712724"
"Greco";"Pier andrea";"gr3c0-p@alice.it";"3481062390"
"Ceccarelli";"Amerindo";"amerindo.ceccarelli@alice.it";"3450359382"
"Zurzolo";"Calcedonia";"zurzolo.c@hotmail.it";"3482773172"
"Fossaroli";"Miralda";"miralda09@tim.it";"3480267133"
"Cangini";"Seleno";"cangini-s@yahoo.com";"3453052448"
"Taifi";"Milde";"mildetaifi@yahoo.com";"3468490726"
"Mincuzzi";"Liliano";"liliano29@hotmail.com";"3478173139"
"Orlando";"Roldo";"roldo06@hotmail.com";"3492093161"
"Narducci";"Eda";"eda-narducci@virgilio.it";"3499567175"
"Pinna";"Modesta";"modesta.pinna@hotmail.com";"3471279423"
"Tazzari";"Matteotti";"matteotti50@gmail.com";"3464046757"
"Zak";"Lina";"zak.lina@hotmail.it";"3462495992"
"Policarpo";"Eracleo";"policarpo@alice.it";"3477703268"
"Spoletini";"Foca";"f0.sp0l3t1n1@hotmail.it";"3492450717"
"Moukrim";"Marietto";"xaszyyzzua@libero.it";"3494133107"
"Pagano";"Vicenzo";"vi.pagano@libero.it";"3480411102"
"Amato";"Orviano";"orviano27@virgilio.it";"3473983231"
"Carina";"Antioco";"antiococarina@hotmail.com";"3461837226"
"Sala";"Violanda";"scjmwwvxcakzvthdnwe@yahoo.com";"3488214341"
"Sgrigna";"Mariannino";"m4sgr1gn4@alice.it";"3487215438"
"Pelo";"Zilia";"zi.pelo@tim.it";"3494544278"
"Giuliani";"Fredesvinda";"fredesvinda46@yahoo.com";"3457229058"COGNOME;NOME;EMAIL;TELEFONO;
"Charaf";"Salvadora";"salvadora69@hotmail.com";"3478405335"
"Aiello";"Grazina";"gaiello@gmail.com";"3481557120"
"Caraballo";"Romolo";"romolo31@libero.it";"3485595164"
"Parini";"Savia";"s4-p4r1n1@yahoo.com";"3496732334"
"Simoni";"Desdemona";"desdemona.simoni@libero.it";"3476785052"
"Marino";"Pandolfo";"pandolfo96@virgilio.it";"3467651340"
"Casali";"Ermite";"ermite04@hotmail.com";"3479674681"
"Fontana";"Luisetto";"l-fontana@virgilio.it";"3461943309"
"Tosolini";"Idalco";"idalco-tosolini@alice.it";"3493381868"
"Piro";"Annalaura";"anna-piro@hotmail.com";"3498898556"
"Pereira de castro";"Rodomonte";"rodomonte60@gmail.com";"3471011769"
"Pascale";"Venceslao";"pascale15@libero.it";"3494080082"
"Lippi";"Magdala";"m.lippi@yahoo.com";"3478365809"
"Gatti";"Giovanmaria";"giovanmaria57@hotmail.com";"3462707857"
"Bagnato";"Geppino";"g3pp1n0.b4gn4t0@virgilio.it";"3495445444"
"Capitani";"Filimena";"filimena84@yahoo.com";"3460914196"
"Zavalloni";"Europa";"europa-zavalloni@hotmail.it";"3486495662"
"Panchetti";"Nazzarena";"yjyblnutqjdxlbd@yahoo.com";"3460745757"
"Rizzi";"Vinicia";"rizzi@gmail.com";"3487387361"
"Di mario";"Ivaldo";"ivaldodi_mario@libero.it";"3471960384"
"Buongrazio";"Primia";"pr1m14bu0ngr4z10@hotmail.it";"3459404562"
"Laurenti";"Lorito";"laurenti98@gmail.com";"3486316579"
"Quartarone";"Biancardo";"quartarone.bi@libero.it";"3473624868"
"Farina";"Aderito";"jwefvstictpche@yahoo.com";"3454386924"
"Verastegui pereyra";"Navarro";"navarro93@virgilio.it";"3475713454"
"Coppola";"Filira";"coppola78@alice.it";"3461231289"
"Cagnotti";"Roaldo";"roaldo93@virgilio.it";"3487581788"
"Jagmin";"Wilelma";"jagmin94@alice.it";"3499598617"
"De simone";"Narciso";"narciso.de_simone@virgilio.it";"3489186774"
"Mauro";"Lico";"mauro70@yahoo.com";"3498212686"
"Valentini";"Gilla";"givalentini@gmail.com";"3486635974"
"Fontanella";"Ardita";"fontanella@alice.it";"3464041049"
"Fiumi";"Ermano";"ermano18@gmail.com";"3477345474"
"Fralassi";"Fenina";"noyoikameuv@virgilio.it";"3490724388"
"Monti";"Velio";"vemonti@tim.it";"3499715171"
"Rimoldi";"Astra";"astra30@gmail.com";"3451598730"
"Palatano";"Eridanio";"palatano92@libero.it";"3483817388"
"Balice";"Alferio";"ddfwuvpcoixexeavttaf@alice.it";"3451507854"
"Borrelli";"Egiziaca";"e.borrelli@alice.it";"3473042286"
"Lelli";"Stelvia";"stelvia32@libero.it";"3492197136"
"Rosata";"Elido";"el1r0s4t4@yahoo.com";"3465117446"
"Baldi";"Livinio";"baldi34@tim.it";"3486295967"
"Abu";"Gianluigia";"gianluigia67@tim.it";"3454864630"
"Cagnotti";"Concettino";"concettino-cagnotti@libero.it";"3457700396"
"Giorgetti";"Plautilla";"plagiorgetti@virgilio.it";"3451372385"
"Kamal";"Denisa elena";"denisa_elenakamal@virgilio.it";"3484281709"
"Valente";"Aldezza";"valente-alde@tim.it";"3460866777"
"Fralassi";"Irvano";"irvano00@tim.it";"3496131957"
"De sterlich";"Fenina";"de_sterlich-fenina@hotmail.it";"3494400323"
"Franco";"Nedio";"nedio42@gmail.com";"3478910797"
"Sanna";"Femo";"sanna.femo@hotmail.com";"3487508417"
"Ranucci";"Pio";"piranucci@alice.it";"3467680279"
"Zinnamosca";"Eschilo";"zinnamosca37@hotmail.it";"3464516071"
"Romani bergonzo";"Piermarco";"romani_bergonzo67@hotmail.com";"3486900155"
"Marocchini";"Fedro";"fe-marocchini@gmail.com";"3494557278"
"Di marco";"Fiordalba";"fiordalbadi_marco@libero.it";"3496838067"
"Popovici";"Lottario";"vvmmmqafxprmagns@tim.it";"3480282583"
"Rosato";"Edmonda";"edmonda50@yahoo.com";"3464560181"
"Pal ionut";"Eddo";"pal_ionut@hotmail.it";"3455003190"
"Teodorani";"Bruna";"brun4-t30d0r4n1@gmail.com";"3470573990"
"Moiano";"Violo";"moianov@tim.it";"3485397463"
"Stefanovich";"MosË";"mostefanovich@tim.it";"3479768574"
"Balice";"Uguccione";"uguccione-balice@gmail.com";"3464441137"
"Cavaterra";"Amleto";"cavaterra07@virgilio.it";"3483931996"
"Cusin";"Rossino";"ro-cusin@yahoo.com";"3451283739"
"Carrara";"Amato";"ama-carrara@hotmail.it";"3486485940"
"Ranfi";"Arsilia";"arsi.ranfi@gmail.com";"3471369350"
"Gromala";"Liborio";"gromala.liborio@yahoo.com";"3471882061"
"Zanelli";"Manlio";"z4n3ll1m4nl10@hotmail.com";"3499937154"
"Zito";"Olemo";"olemozito@alice.it";"3473515879"
"Bruni";"Simmaco";"lcvgooy@libero.it";"3463835163"
"Cauteruccio";"Venanza";"v-cauteruccio@libero.it";"3463328963"
"Donatini";"Isonza";"isonza68@yahoo.com";"3498276081"
"Verastegui pereyra";"Disolina";"disolinaverastegui_pereyra@alice.it";"3470740797"
"De santis";"Mondino";"de_santis-mondino@hotmail.com";"3465777657"
"Toso";"Simmaco";"toso99@tim.it";"3479096763"
"Lopez";"Gasparre";"glopez@gmail.com";"3472967369"
"Huaman lopez";"Waldemaro";"wa.huaman_lopez@virgilio.it";"3464712724"
"Greco";"Pier andrea";"gr3c0-p@alice.it";"3481062390"
"Ceccarelli";"Amerindo";"amerindo.ceccarelli@alice.it";"3450359382"
"Zurzolo";"Calcedonia";"zurzolo.c@hotmail.it";"3482773172"
"Fossaroli";"Miralda";"miralda09@tim.it";"3480267133"
"Cangini";"Seleno";"cangini-s@yahoo.com";"3453052448"
"Taifi";"Milde";"mildetaifi@yahoo.com";"3468490726"
"Mincuzzi";"Liliano";"liliano29@hotmail.com";"3478173139"
"Orlando";"Roldo";"roldo06@hotmail.com";"3492093161"
"Narducci";"Eda";"eda-narducci@virgilio.it";"3499567175"
"Pinna";"Modesta";"modesta.pinna@hotmail.com";"3471279423"
"Tazzari";"Matteotti";"matteotti50@gmail.com";"3464046757"
"Zak";"Lina";"zak.lina@hotmail.it";"3462495992"
"Policarpo";"Eracleo";"policarpo@alice.it";"3477703268"
"Spoletini";"Foca";"f0.sp0l3t1n1@hotmail.it";"3492450717"
"Moukrim";"Marietto";"xaszyyzzua@libero.it";"3494133107"
"Pagano";"Vicenzo";"vi.pagano@libero.it";"3480411102"
"Amato";"Orviano";"orviano27@virgilio.it";"3473983231"
"Carina";"Antioco";"antiococarina@hotmail.com";"3461837226"
"Sala";"Violanda";"scjmwwvxcakzvthdnwe@yahoo.com";"3488214341"
"Sgrigna";"Mariannino";"m4sgr1gn4@alice.it";"3487215438"
"Pelo";"Zilia";"zi.pelo@tim.it";"3494544278"
"GiulianiCOGNOME";"Fredesvinda";"fredesvinda46@yahoo.com";"3457229058"
""3478405335"";""salvadora69@hotmail.com"";""Salvadora"";""Charaf""
""3481557120"";""gaiello@gmail.com"";""Grazina"";""Aiello""
""3485595164"";""romolo31@libero.it"";""Romolo"";""Caraballo""
""3496732334"";""s4-p4r1n1@yahoo.com"";""Savia"";""Parini""
""3476785052"";""desdemona.simoni@libero.it"";""Desdemona"";""Simoni""
""3467651340"";""pandolfo96@virgilio.it"";""Pandolfo"";""Marino""
""3479674681"";""ermite04@hotmail.com"";""Ermite"";""Casali""
""3461943309"";""l-fontana@virgilio.it"";""Luisetto"";""Fontana""
""3493381868"";""idalco-tosolini@alice.it"";""Idalco"";""Tosolini""
""3498898556"";""anna-piro@hotmail.com"";""Annalaura"";""Piro""
""3471011769"";""rodomonte60@gmail.com"";""Rodomonte"";""Pereira de castro""
""3494080082"";""pascale15@libero.it"";""Venceslao"";""Pascale""
""3478365809"";""m.lippi@yahoo.com"";""Magdala"";""Lippi""
""3462707857"";""giovanmaria57@hotmail.com"";""Giovanmaria"";""Gatti""
""3495445444"";""g3pp1n0.b4gn4t0@virgilio.it"";""Geppino"";""Bagnato""
""3460914196"";""filimena84@yahoo.com"";""Filimena"";""Capitani""
""3486495662"";""europa-zavalloni@hotmail.it"";""Europa"";""Zavalloni""
""3460745757"";""yjyblnutqjdxlbd@yahoo.com"";""Nazzarena"";""Panchetti""
""3487387361"";""rizzi@gmail.com"";""Vinicia"";""Rizzi""
""3471960384"";""ivaldodi_mario@libero.it"";""Ivaldo"";""Di mario""
""3459404562"";""pr1m14bu0ngr4z10@hotmail.it"";""Primia"";""Buongrazio""
""3486316579"";""laurenti98@gmail.com"";""Lorito"";""Laurenti""
""3473624868"";""quartarone.bi@libero.it"";""Biancardo"";""Quartarone""
""3454386924"";""jwefvstictpche@yahoo.com"";""Aderito"";""Farina""
""3475713454"";""navarro93@virgilio.it"";""Navarro"";""Verastegui pereyra""
""3461231289"";""coppola78@alice.it"";""Filira"";""Coppola""
""3487581788"";""roaldo93@virgilio.it"";""Roaldo"";""Cagnotti""
""3499598617"";""jagmin94@alice.it"";""Wilelma"";""Jagmin""
""3489186774"";""narciso.de_simone@virgilio.it"";""Narciso"";""De simone""
""3498212686"";""mauro70@yahoo.com"";""Lico"";""Mauro""
""3486635974"";""givalentini@gmail.com"";""Gilla"";""Valentini""
""3464041049"";""fontanella@alice.it"";""Ardita"";""Fontanella""
""3477345474"";""ermano18@gmail.com"";""Ermano"";""Fiumi""
""3490724388"";""noyoikameuv@virgilio.it"";""Fenina"";""Fralassi""
""3499715171"";""vemonti@tim.it"";""Velio"";""Monti""
""3451598730"";""astra30@gmail.com"";""Astra"";""Rimoldi""
""3483817388"";""palatano92@libero.it"";""Eridanio"";""Palatano""
""3451507854"";""ddfwuvpcoixexeavttaf@alice.it"";""Alferio"";""Balice""
""3473042286"";""e.borrelli@alice.it"";""Egiziaca"";""Borrelli""
""3492197136"";""stelvia32@libero.it"";""Stelvia"";""Lelli""
""3465117446"";""el1r0s4t4@yahoo.com"";""Elido"";""Rosata""
""3486295967"";""baldi34@tim.it"";""Livinio"";""Baldi""
""3454864630"";""gianluigia67@tim.it"";""Gianluigia"";""Abu""
""3457700396"";""concettino-cagnotti@libero.it"";""Concettino"";""Cagnotti""
""3451372385"";""plagiorgetti@virgilio.it"";""Plautilla"";""Giorgetti""
""3484281709"";""denisa_elenakamal@virgilio.it"";""Denisa elena"";""Kamal""
""3460866777"";""valente-alde@tim.it"";""Aldezza"";""Valente""
""3496131957"";""irvano00@tim.it"";""Irvano"";""Fralassi""
""3494400323"";""de_sterlich-fenina@hotmail.it"";""Fenina"";""De sterlich""
""3478910797"";""nedio42@gmail.com"";""Nedio"";""Franco""
""3487508417"";""sanna.femo@hotmail.com"";""Femo"";""Sanna""
""3467680279"";""piranucci@alice.it"";""Pio"";""Ranucci""
""3464516071"";""zinnamosca37@hotmail.it"";""Eschilo"";""Zinnamosca""
""3486900155"";""romani_bergonzo67@hotmail.com"";""Piermarco"";""Romani bergonzo""
""3494557278"";""fe-marocchini@gmail.com"";""Fedro"";""Marocchini""
""3496838067"";""fiordalbadi_marco@libero.it"";""Fiordalba"";""Di marco""
""3480282583"";""vvmmmqafxprmagns@tim.it"";""Lottario"";""Popovici""
""3464560181"";""edmonda50@yahoo.com"";""Edmonda"";""Rosato""
""3455003190"";""pal_ionut@hotmail.it"";""Eddo"";""Pal ionut""
""3470573990"";""brun4-t30d0r4n1@gmail.com"";""Bruna"";""Teodorani""
""3485397463"";""moianov@tim.it"";""Violo"";""Moiano""
""3479768574"";""mostefanovich@tim.it"";""MosË"";""Stefanovich""
""3464441137"";""uguccione-balice@gmail.com"";""Uguccione"";""Balice""
""3483931996"";""cavaterra07@virgilio.it"";""Amleto"";""Cavaterra""
""3451283739"";""ro-cusin@yahoo.com"";""Rossino"";""Cusin""
""3486485940"";""ama-carrara@hotmail.it"";""Amato"";""Carrara""
""3471369350"";""arsi.ranfi@gmail.com"";""Arsilia"";""Ranfi""
""3471882061"";""gromala.liborio@yahoo.com"";""Liborio"";""Gromala""
""3499937154"";""z4n3ll1m4nl10@hotmail.com"";""Manlio"";""Zanelli""
""3473515879"";""olemozito@alice.it"";""Olemo"";""Zito""
""3463835163"";""lcvgooy@libero.it"";""Simmaco"";""Bruni""
""3463328963"";""v-cauteruccio@libero.it"";""Venanza"";""Cauteruccio""
""3498276081"";""isonza68@yahoo.com"";""Isonza"";""Donatini""
""3470740797"";""disolinaverastegui_pereyra@alice.it"";""Disolina"";""Verastegui pereyra""
""3465777657"";""de_santis-mondino@hotmail.com"";""Mondino"";""De santis""
""3479096763"";""toso99@tim.it"";""Simmaco"";""Toso""
""3472967369"";""glopez@gmail.com"";""Gasparre"";""Lopez""
""3464712724"";""wa.huaman_lopez@virgilio.it"";""Waldemaro"";""Huaman lopez""
""3481062390"";""gr3c0-p@alice.it"";""Pier andrea"";""Greco""
""3450359382"";""amerindo.ceccarelli@alice.it"";""Amerindo"";""Ceccarelli""
""3482773172"";""zurzolo.c@hotmail.it"";""Calcedonia"";""Zurzolo""
""3480267133"";""miralda09@tim.it"";""Miralda"";""Fossaroli""
""3453052448"";""cangini-s@yahoo.com"";""Seleno"";""Cangini""
""3468490726"";""mildetaifi@yahoo.com"";""Milde"";""Taifi""
""3478173139"";""liliano29@hotmail.com"";""Liliano"";""Mincuzzi""
""3492093161"";""roldo06@hotmail.com"";""Roldo"";""Orlando""
""3499567175"";""eda-narducci@virgilio.it"";""Eda"";""Narducci""
""3471279423"";""modesta.pinna@hotmail.com"";""Modesta"";""Pinna""
""3464046757"";""matteotti50@gmail.com"";""Matteotti"";""Tazzari""
""3462495992"";""zak.lina@hotmail.it"";""Lina"";""Zak""
""3477703268"";""policarpo@alice.it"";""Eracleo"";""Policarpo""
""3492450717"";""f0.sp0l3t1n1@hotmail.it"";""Foca"";""Spoletini""
""3494133107"";""xaszyyzzua@libero.it"";""Marietto"";""Moukrim""
""3480411102"";""vi.pagano@libero.it"";""Vicenzo"";""Pagano""
""3473983231"";""orviano27@virgilio.it"";""Orviano"";""Amato""
""3461837226"";""antiococarina@hotmail.com"";""Antioco"";""Carina""
""3488214341"";""scjmwwvxcakzvthdnwe@yahoo.com"";""Violanda"";""Sala""
""3487215438"";""m4sgr1gn4@alice.it"";""Mariannino"";""Sgrigna""
""3494544278"";""zi.pelo@tim.it"";""Zilia"";""Pelo""
""3457229058"";""fredesvinda46@yahoo.com"";""Fredesvinda"";""Giuliani""