COGNOME;NOME;TELEFONO;EMAIL
sementilli;zilla;3482780622;zilla-sementilli@tim.it
mincuzzi;ofemia;3491456325;ofemia06@libero.it
bellino;catena;3455602428;abcdefghijk@tim.it
urbini;romino;3490581183;romino16@tim.it
nuti;osea;3490875885;osea.nuti@tim.it
accadia;divino;3455418557;divino77@alice.it
piga;marusco;3486147051;marusco47@libero.it
borghini;adelia;3497823728;adelia.borghini@hotmail.it
casali;michele;3475246543;michele59@hotmail.com
mane;isauro;3476603663;mane47@yahoo.com
zito;marto;3485340550;marto01@hotmail.com
iachini;persia;3493484216;iachini71@hotmail.com
antonelli;rosvindo;3473514321;antonelli56@alice.it
santucci;ricciardo;3476047711;r.santucci@tim.it
taurone;elsia;3484831736;elsia-taurone@alice.it
narducci;roberto;3491230817;r-narducci@hotmail.it
pasolini;alderano;3466481084;alderano07@hotmail.it
el falaki;ofelio;3484630817;ofelio-elfalaki@hotmail.com
saccone;sigfredo;3454622602;sigfredo85@yahoo.com
manzi;ambrosio;3470036410;ambrosio89@virgilio.it
Ferrante;clario;3467020373;clarioferrante@yahoo.com
oliva;sigfrido;3456157501;sigfrido58@tim.it
Santini;libertas;3475170066;libertas00@alice.it
lecca;cordelio;3454104308;c.lecca@hotmail.com
Esposito;gustava;3494373450;esposito-gustava@yahoo.com
bragioto;stenio;3462572785;stenio85@yahoo.com
angelicchio;innocenzio;3498025084;innoangelicchio@virgilio.it
panichi;pierlorenzo;3487404062;panichi74@hotmail.it
cipollone;ulrica;3475165600;ulrica@hotmail.com
vincenzi;flemia;3485268173;flemia66@hotmail.it
mamone;irenio;3475328186;irenio00@tim.it
niane;andaluso;3453176741;andaluso@gmail.com
Galli;israele;3477632477;isra-galli@libero.it
cusin;doretto;3467087553;doretto-cusin@hotmail.com
lattanzi;sonja;3454634175;lattanzi.sonja@yahoo.com
grande;cornelia;3460085026;corneliagrande@hotmail.com
toader;edmo;3482570577;edmo85@tim.it
bonn;fondina;3462575208;fondinabonn@gmail.com
popovici;concezione;3497438821;concezione70@alice.it
sarpieri;bengasino;3453280414;bengasino.sarpieri@tim.it
mirante;antimina;3452031532;antimina42@hotmail.it
tisba;paterniano;3480683268;p4t3rn14n0t1sb4@yahoo.com
carullo;sempliciano;3494005101;se.carullo@tim.it
ciarlariello;bernardino;3453667270;bernardino99@libero.it
dolciotti;nicola;3484656245;dolciotti.ni@alice.it
balice;sperandia;3493272357;sbalice@hotmail.it
fabiani;tereso;3481556310;tereso.fabiani@virgilio.it
tufano;turillo;3478046703;t.tufano@tim.it
fratini;orviero;3466768622;fratini98@gmail.com
ortu;salvatrice;3478805884;sa-ortu@virgilio.it
d'ottavio ;peppe;3493016543;peppe95@virgilio.it
donati;milda;3485151146;mdonati@libero.it
baronti;fioralda;3472750532;fibaronti@alice.it
fontanilla;tino;3452327451;tino20@alice.it
marano;almirante;3470453762;almirante35@gmail.com
di maio;elenio;3497163305;dimaio12@alice.it
cataldi;ercoliano;3484131556;ercolianocataldi@yahoo.com
trasforini;dorinda;3495786706;trasforini33@hotmail.com
pompili;ikbale;3496053067;ikbale93@yahoo.com
baldari;bibbiano;3472322244;baldari.bibbiano@virgilio.it
fiumi;nilva;3488578822;nilva.fiumi@hotmail.com
mane;eusepio;3471503343;abcdefghijklmnopqrs@hotmail.it
mangano;luigi;3472107583;luigi10@hotmail.com
maldini;addolorato;3460584887;addolorato.maldini@tim.it
barone;resio;3451407860;resio32@virgilio.it
sarpieri;romiro;3464488670;romiro41@alice.it
de matteo;ugoberto;3482286303;ugoberto86@libero.it
siracusa;nabor;3472310713;naborsiracusa@libero.it
massa;oldenio;3491501787;oldenio.massa@hotmail.it
d'amora;lidamo;3474664615;lidamodamora@virgilio.it
kamal;mansueta;3468078754;kamalmansueta@gmail.com
vandenbulcke;edoardino;3468262558;vandenbulcke53@tim.it
mangano;redano;3496103517;remangano@tim.it
Mancini;gemisto;3476256761;mancini28@gmail.com
capone ;guidone;3454738253;guidone30@hotmail.it
donatantonio;antigone;3497662346;antigone.donatantonio@hotmail.it
sarpieri;maida;3487267114;maida46@libero.it
lattanzi;severiana;3456271278;lattanzi67@yahoo.com
panza;onia;3490364261;panza-onia@hotmail.com
Ruggiero;ilvana;3496567338;ilvana.ruggiero@tim.it
olivelli;nunziatina;3452227756;olivelli01@virgilio.it
Agostini;ivanda;3481380804;ivanda85@tim.it
corrado;zilio;3454421874;corrado.zilio@alice.it
zecchini;bellisario;3474507606;be.zecchini@libero.it
Ruggeri;vanino;3467326354;ruggeri.va@alice.it
Villa;lottario;3470483658;villa.l@alice.it
marano;fiordiligi;3470117387;fiordiligi04@alice.it
zito;enea;3488624744;enea05@hotmail.it
finiti;narcisio;3467768343;abcdefghi@hotmail.com
de florio;andronico;3478763804;deflorio06@tim.it
mane';fidea;3491466144;fideamane@tim.it
lesniewska;severio;3475136864;slesniewska@alice.it
grossi pavia;ilvia;3473367457;ilvi-grossipavia@virgilio.it
mezzogori;gesuina;3474157810;gesuina14@hotmail.com
barruga;nicoletto;3486856544;n.barruga@hotmail.it
d'ottavio ;leopoldo;3463828420;leopoldodottavio@hotmail.it
casadei;egizio;3468404086;casadei81@yahoo.com
valvano;marta;3474308624;valvano43@yahoo.com
bazhanova;esuberanzio;3481774176;bazhanovaesu@alice.it
Di Stefano;endrio;3460726758;endrio91@alice.it