COGNOME;NOME;TELEFONO;EMAIL;
Renzulli;Errigo;3482566553;errigo.renzulli@virgilio.it
Greco;Bonarina;3453605996;bonarina@tim.it
Fiuzzi;Pancrazia;3496596775;pancrazia24@alice.it
Balta;Roero;3482976661;balta@alice.it
Sala;Eufemia;3462249929;eufemia.s@libero.it
Anklin;Maceo;3492321943;maceo27@alice.it
De Luca;Flamino;3464780159;de-flamino@virgilio.it
Lacerenza;Orialdo;3455090817;0r14ld0.l4c3r3nz4@yahoo.com
Gromala;Berenice;3457000657;gromala33@libero.it
Iatalese;Odesca;3456458761;249488251@gmail.com
Gromala;Florio;3487189752;florio-g@hotmail.com
Arena;Naborre;3495443083;naborre76@libero.it
Quadrini;Favorito;3482458853;quadrini24@hotmail.it
Giorgi;Eriberta;3459143310;g.eriberta@gmail.com
Tisba;Almino;3461392836;tisba-almino@hotmail.it
Fontanilla;Erenio;3494950528;erenio-fontanilla@libero.it
Rudel;Venazio;3452536641;ru.venazio@libero.it
Severi;Roberta;3457641050;roberta07@gmail.com
Kazi;Terenzia;3463607135;k-terenzia@libero.it
De Cataldo;Oslavio;3452896001;de-oslavio@gmail.com
Albanese;Lida;3487312539;albanese36@hotmail.com
Gallo;Leonide;3474274126;leonide27@alice.it
Russo;Silvo;3465800497;russo13@tim.it
Piersanti;Eletto;3463359250;piersanti70@alice.it
Barone;Esposito;3484591506;barone.esposito@virgilio.it
Dotti;Regolo;3493741329;dotti30@alice.it
Martino;Efigenia;3473815412;m4rt1n0.3f1g3n14@hotmail.com
Esposito;Re;3492514695;e.re@tim.it
Montanari;Umbertino;3497073522;montanari22@gmail.com
Galotti;Nario;3498503879;nario-g@libero.it
Villa;Fruttuosa;3452561247;358348777937300@yahoo.com
Marchi;Mitridate;3469971617;mitridate.marchi@alice.it
Naci;Nora;3475616752;nora.naci@hotmail.com
Boschi;Violetta;3496672369;boschi-violetta@tim.it
Lecca;Agatone;3490040773;l3.4g4t0n3@gmail.com
Wilmer;Ottimo;3471388328;wilmer19@gmail.com
Bianchi;Feriero;3465813017;bi.feriero@tim.it
Baldari;Brandisio;3468751955;b.brandisio@gmail.com
Colonna;Orazina;3463150639;co-orazina@virgilio.it
Fiuzzi;Abdelkrim;3456957269;fiuzzi56@yahoo.com
Bertini;Eupreprio;3451529819;bertini-eupreprio@virgilio.it
Campanella;Lorella;3485892819;ca-lorella@yahoo.com
Donnhauser;Vilia;3458517967;vilia79@hotmail.it
Delgado;Oliveto;3492855537;de.oliveto@gmail.com
Emili;Ossiride;3497751372;ossiride-emi@alice.it
Meucci;Greca;3480903059;meucci.greca@libero.it
Orlandi;Zairo;3497955730;orlandi64@libero.it
Volpe;Florita;3452664862;florita-vo@gmail.com
Wozniczka;Mercuria;3467123857;wozniczka-mercuria@gmail.com
Villa;Rosanno;3452763428;villa05@alice.it
Laurenti;Fredina;3458782338;l-fredina@gmail.com
Cecchetti;Fontanella;3471556237;cecchetti19@yahoo.com
Lopez;Provvida;3469369614;provvida94@tim.it
Arena;Osmana;3458837853;are.osmana@virgilio.it
Caligari;Temistocle;3480400700;caligari17@virgilio.it
Moro;Idelmina;3476552637;moro73@virgilio.it
Fontana;Oneglio;3495140658;f0nt4n4-0n3gl10@gmail.com
Laita;Eusanio;3478914032;eusanio04@libero.it
Cutillo;Ferrante;3475238739;cutillo-ferrante@hotmail.com
Cerilli;Loro;3480785551;cerilli.loro@tim.it
Pellegrino;Riziere;3482897322;pe-riziere@hotmail.com
Sposato;Silvano;3494054688;sposato61@hotmail.it
Medda;Alicio;3487980387;8704874@alice.it
Colombo;Gianfranco;3464328015;gianfranco.c@gmail.com
De Bacco;Delia;3461367770;debacco45@libero.it
Poli;Aide;3463236572;poli73@virgilio.it
De Bacco;Annino;3451064921;debacco-annino@hotmail.com
Cipollone;Valfrida;3456392857;cipollone-valfrida@tim.it
Cenciarelli;Fontina;3494127587;fontina60@gmail.com
Brunetti;Maruzza;3457328375;brunetti-maruzza@libero.it
Pompili;Prisca;3456774760;pompili46@alice.it
Pasquini;Bachisia;3478656315;pa.bachisia@hotmail.it
Fiadone;Medina;3492375360;fiadone-medina@libero.it
D'amore;Aletta;3467973335;d4m0r3.4l3tt4@virgilio.it
Frasca;Zina;3457355984;frasca46@alice.it
Rizzelli;Else;3485717259;rizzelli@libero.it
Lecca;Cherubino;3471218089;cherubino43@virgilio.it
Mathlouthi;Balderico;3499510809;balderico45@hotmail.it
Coccia;Ilvano;3452914878;ilvano87@yahoo.com
Sposato;Vando;3469314493;vando.s@virgilio.it
Meucci;Olinta;3467915596;olinta99@virgilio.it
Panchetti;Aminta;3469028546;aminta.pa@gmail.com
Paul;Ordana;3478413989;pa.ordana@yahoo.com
Mugione;Evalda;3487819814;evalda@hotmail.it
Milutinovic;Igilda;3457450948;mi-igilda@gmail.com
Donnhauser;Mileda;3458919307;do-mileda@yahoo.com
Poni;Otellina;3482716085;po-otellina@hotmail.it
Succi;Rizziero;3479206064;rizziero68@yahoo.com
Paradisi;Casimiro;3457690800;casimiro82@virgilio.it
Villa;Era;3490381095;era.v@alice.it
Donati;Splendore;3496489272;donati62@virgilio.it
D'ambrosio;Ferida;3461486272;dambrosio.ferida@alice.it
Palma;Tonuccio;3478160742;tonuccio.pa@gmail.com
Malagigi;Olao;3459222391;olao-ma@virgilio.it
Guida;Omar;3474168221;omar16@alice.it
Tabane;Riziero;3458194011;tabane73@gmail.com
Pellegrini;Mohamed Ali;3472212477;p3ll3gr1n1-m0h4m3d4l1@libero.it
Buongrazio;Barberino;3483045106;barberino-bu@virgilio.it
Bonsignore;Clarice;3499420811;621863623@alice.it
La Sorda;Fiorilena;3468650142;fiorilena.lasorda@gmail.com